ht,tva,ttc,tva_ratio,ttc_gap,days_since_issue,days_to_expiry,confidence,anomaly_count,is_high_amount,is_expired,label
14408.5373,2881.71,17290.24,0.2,0.0073,270.0,271.0,81.3781,0.0,0.0,0.0,0
4477.1332,895.43,5372.55,0.2,0.0132,56.0,394.0,80.5621,0.0,0.0,0.0,0
20681.7815,4136.36,24818.14,0.2,0.0015,256.0,389.0,94.6704,0.0,0.0,0.0,0
26031.3461,5206.27,31237.62,0.2,0.0039,282.0,177.0,80.4459,1.0,0.0,0.0,0
46049.1597,9209.83,55258.98,0.2,0.0097,55.0,373.0,94.8614,0.0,0.0,0.0,0
41355.2454,8271.05,49626.3,0.2,0.0046,168.0,381.0,81.7618,1.0,0.0,0.0,0
49338.2532,9867.65,59205.9,0.2,0.0032,254.0,183.0,78.1641,1.0,0.0,0.0,0
30121.8523,6024.37,36146.22,0.2,0.0023,56.0,205.0,99.8866,1.0,0.0,0.0,0
30927.7409,6185.55,37113.28,0.2,0.0109,196.0,196.0,94.1203,0.0,0.0,0.0,0
13448.3375,2689.67,16138.0,0.2,0.0075,100.0,62.0,98.595,1.0,0.0,0.0,0
4423.9998,884.8,5308.81,0.2,0.0102,97.0,370.0,95.5646,0.0,0.0,0.0,0
18834.3654,3766.87,22601.24,0.2,0.0046,150.0,385.0,86.3474,1.0,0.0,0.0,0
1287.2033,257.44,1544.64,0.2,0.0033,216.0,343.0,77.5072,0.0,0.0,0.0,0
22522.6315,4504.53,27027.15,0.2,0.0115,51.0,335.0,85.8445,1.0,0.0,0.0,0
1987.7645,397.55,2385.32,0.2,0.0055,157.0,196.0,76.01,1.0,0.0,0.0,0
16326.5847,3265.32,19591.91,0.2,0.0053,173.0,23.0,81.8909,0.0,0.0,0.0,0
444730.178,88946.04,533676.21,0.2,0.008,56.0,-32.0,81.5041,2.0,1.0,1.0,1
3552.0082,710.4,8813.24,0.2,4550.8318,193.0,149.0,98.3141,4.0,0.0,0.0,1
43630.7942,8726.16,52356.95,0.2,0.0042,164.0,280.0,96.1917,0.0,0.0,0.0,0
35056.1336,7011.23,42067.37,0.2,0.0064,237.0,358.0,77.6595,0.0,0.0,0.0,0
4400.3757,880.08,5280.45,0.2,0.0057,278.0,240.0,95.2395,0.0,0.0,0.0,0
8219.5292,1643.91,9863.44,0.2,0.0,261.0,-204.0,75.5242,2.0,0.0,1.0,1
2658.1703,531.63,3189.8,0.2,0.0,455.0,-181.0,88.7705,3.0,0.0,1.0,1
38670.7891,3867.08,42537.86,0.1,0.0091,337.0,247.0,98.9774,0.0,0.0,0.0,0
23085.4481,484.79,23570.24,0.021,0.0019,109.0,398.0,82.3765,1.0,0.0,0.0,0
36211.0673,7242.21,43453.27,0.2,0.0073,284.0,229.0,93.8885,1.0,0.0,0.0,0
9500.3868,1900.08,11400.47,0.2,0.0032,54.0,273.0,75.762,0.0,0.0,0.0,0
46152.407,2538.38,48690.79,0.055,0.003,191.0,372.0,85.4176,0.0,0.0,0.0,0
47042.4277,9408.49,56450.91,0.2,0.0077,185.0,96.0,87.5152,0.0,0.0,0.0,0
26138.6865,2613.87,28752.55,0.1,0.0065,217.0,158.0,87.6491,1.0,0.0,0.0,0
19473.4524,1947.35,21420.8,0.1,0.0024,265.0,300.0,76.8428,0.0,0.0,0.0,0
467789.4039,93557.88,561347.29,0.2,0.0061,53.0,19.0,82.0331,3.0,1.0,0.0,1
24191.8249,4838.36,29030.19,0.2,0.0051,266.0,246.0,85.6245,1.0,0.0,0.0,0
1104.3951,220.88,1325.27,0.2,0.0051,309.0,350.0,81.3416,1.0,0.0,0.0,0
6110.1329,336.06,6446.2,0.055,0.0071,94.0,82.0,83.0816,0.0,0.0,0.0,0
189574.5327,18957.45,208531.98,0.1,0.0027,31.0,-139.0,71.6482,3.0,1.0,1.0,1
29794.7802,2979.48,32774.26,0.1,0.0002,68.0,55.0,95.2741,0.0,0.0,0.0,0
22734.895,2273.49,25008.38,0.1,0.005,5.0,11.0,99.4511,0.0,0.0,0.0,0
21710.8939,2171.09,23881.99,0.1,0.0061,258.0,22.0,89.2496,1.0,0.0,0.0,0
8231.3346,1646.27,9877.6,0.2,0.0046,181.0,281.0,86.1539,0.0,0.0,0.0,0
28826.0724,5765.21,34591.28,0.2,0.0024,25.0,231.0,84.9661,0.0,0.0,0.0,0
27766.3338,5553.27,33319.61,0.2,0.0062,222.0,217.0,89.1734,1.0,0.0,0.0,0
46857.9457,9371.59,56229.54,0.2,0.0043,159.0,123.0,76.5993,0.0,0.0,0.0,0
44342.8638,2438.86,46781.72,0.055,0.0038,268.0,296.0,94.9968,1.0,0.0,0.0,0
10097.9415,2019.59,15833.41,0.2,3715.8785,257.0,74.0,70.5675,2.0,0.0,0.0,1
16367.2546,3273.45,19640.7,0.2,0.0046,159.0,124.0,97.453,1.0,0.0,0.0,0
27351.2041,5470.24,32821.45,0.2,0.0059,292.0,344.0,78.0572,0.0,0.0,0.0,0
11389.5358,1138.95,12528.48,0.1,0.0058,146.0,109.0,79.0485,0.0,0.0,0.0,0
49911.7784,9982.36,59894.13,0.2,0.0084,281.0,185.0,77.9756,1.0,0.0,0.0,0
37334.615,7466.92,44801.54,0.2,0.005,239.0,240.0,77.7688,0.0,0.0,0.0,0
31168.7291,6233.75,37402.48,0.2,0.0009,202.0,370.0,92.3385,0.0,0.0,0.0,0
3133.9839,626.8,3760.78,0.2,0.0039,117.0,32.0,93.5362,0.0,0.0,0.0,0
23660.5911,4732.12,28392.72,0.2,0.0089,243.0,234.0,88.8395,1.0,0.0,0.0,0
39578.7511,7915.75,47494.51,0.2,0.0089,50.0,97.0,77.7961,1.0,0.0,0.0,0
29772.7613,5954.55,35727.3,0.2,0.0113,244.0,280.0,79.3236,1.0,0.0,0.0,0
29232.3175,5846.46,35078.78,0.2,0.0025,147.0,252.0,91.0387,1.0,0.0,0.0,0
17344.0378,953.92,18297.96,0.055,0.0022,202.0,20.0,94.951,1.0,0.0,0.0,0
39499.2736,7899.85,47399.13,0.2,0.0064,43.0,328.0,79.5252,1.0,0.0,0.0,0
15600.6364,3120.13,18720.76,0.2,0.0064,318.0,42.0,78.9633,1.0,0.0,0.0,0
16706.9013,3341.38,20048.28,0.2,0.0013,123.0,369.0,99.6648,0.0,0.0,0.0,0
21543.9273,4308.79,25852.71,0.2,0.0073,190.0,107.0,79.9596,1.0,0.0,0.0,0
12771.3273,2554.27,15325.6,0.2,0.0027,40.0,127.0,97.541,1.0,0.0,0.0,0
9808.4985,1961.7,11770.2,0.2,0.0015,357.0,142.0,83.1981,0.0,0.0,0.0,0
32010.0267,6402.01,38412.03,0.2,0.0067,144.0,395.0,88.4122,0.0,0.0,0.0,0
3617.3187,723.46,4340.78,0.2,0.0013,264.0,112.0,95.7049,1.0,0.0,0.0,0
15430.6946,848.69,16279.38,0.055,0.0046,351.0,287.0,93.1968,1.0,0.0,0.0,0
7982.4441,439.03,8421.47,0.055,0.0041,327.0,235.0,90.1187,1.0,0.0,0.0,0
8971.6873,1794.34,10766.03,0.2,0.0027,154.0,80.0,84.019,0.0,0.0,0.0,0
46034.0456,9206.81,55240.86,0.2,0.0044,306.0,136.0,86.8514,0.0,0.0,0.0,0
8049.0601,1609.81,9658.88,0.2,0.0099,202.0,180.0,84.583,0.0,0.0,0.0,0
11155.6733,1115.57,12271.25,0.1,0.0067,47.0,96.0,86.2804,1.0,0.0,0.0,0
34549.6479,6909.93,41459.57,0.2,0.0079,124.0,223.0,75.0232,0.0,0.0,0.0,0
30598.1246,3059.81,33657.94,0.1,0.0054,235.0,96.0,77.5699,1.0,0.0,0.0,0
19635.7519,3927.15,23562.9,0.2,0.0019,30.0,375.0,79.8855,1.0,0.0,0.0,0
27740.0477,5548.01,33288.06,0.2,0.0023,354.0,273.0,95.1,0.0,0.0,0.0,0
24998.7844,4999.76,29998.54,0.2,0.0044,32.0,37.0,98.8462,0.0,0.0,0.0,0
16212.343,3242.47,19454.81,0.2,0.003,334.0,388.0,88.2972,0.0,0.0,0.0,0
34334.3005,6866.86,41201.16,0.2,0.0005,255.0,351.0,90.2557,0.0,0.0,0.0,0
25881.2344,5176.25,31057.49,0.2,0.0056,122.0,202.0,86.708,1.0,0.0,0.0,0
21782.021,4356.4,26138.43,0.2,0.009,265.0,235.0,87.2891,0.0,0.0,0.0,0
39080.3057,7816.06,46896.37,0.2,0.0043,13.0,64.0,77.8633,0.0,0.0,0.0,0
25623.4339,3843.52,29466.95,0.15,0.0,13.0,236.0,88.4496,2.0,0.0,0.0,1
10108.0442,2021.61,12129.66,0.2,0.0058,145.0,137.0,90.3756,0.0,0.0,0.0,0
48672.7645,4867.28,53540.05,0.1,0.0055,5.0,198.0,95.93,0.0,0.0,0.0,0
39281.2198,7856.24,47137.45,0.2,0.0098,170.0,122.0,94.9204,1.0,0.0,0.0,0
9060.0419,1812.01,10872.04,0.2,0.0119,26.0,371.0,81.6144,0.0,0.0,0.0,0
1704.4554,170.45,1874.9,0.1,0.0054,160.0,30.0,93.8969,0.0,0.0,0.0,0
15299.4634,3059.89,18359.36,0.2,0.0066,163.0,394.0,97.6527,1.0,0.0,0.0,0
14074.5814,2814.92,16889.51,0.2,0.0086,90.0,45.0,83.1541,0.0,0.0,0.0,0
43997.4494,8799.49,52796.93,0.2,0.0094,152.0,366.0,97.2504,1.0,0.0,0.0,0
38573.8533,7714.77,46288.62,0.2,0.0033,281.0,251.0,86.5099,0.0,0.0,0.0,0
2646.0587,529.21,3175.26,0.2,0.0087,54.0,86.0,89.2142,0.0,0.0,0.0,0
39184.4642,2155.15,41339.6,0.055,0.0142,357.0,244.0,94.0961,1.0,0.0,0.0,0
20838.4781,4167.7,25006.17,0.2,0.0081,191.0,50.0,85.3713,1.0,0.0,0.0,0
23562.8452,4712.57,28275.41,0.2,0.0052,95.0,372.0,87.6431,0.0,0.0,0.0,0
18332.5964,3666.52,21999.12,0.2,0.0036,77.0,222.0,85.378,1.0,0.0,0.0,0
1747.9922,349.6,2097.59,0.2,0.0022,196.0,121.0,83.1961,0.0,0.0,0.0,0
37647.7635,7529.55,45177.31,0.2,0.0035,350.0,145.0,80.8774,1.0,0.0,0.0,0
18804.8321,3760.97,22565.8,0.2,0.0021,124.0,327.0,85.6974,0.0,0.0,0.0,0
14270.2132,2854.04,17124.25,0.2,0.0032,39.0,370.0,82.1952,1.0,0.0,0.0,0
26057.46,5211.49,31268.96,0.2,0.01,342.0,204.0,98.1461,1.0,0.0,0.0,0
5753.7629,1150.75,6904.52,0.2,0.0071,234.0,170.0,75.0482,0.0,0.0,0.0,0
19978.0527,3995.61,23973.66,0.2,0.0,491.0,-86.0,74.7735,2.0,0.0,1.0,1
12198.1704,1219.82,13417.99,0.1,0.0004,143.0,81.0,78.2723,0.0,0.0,0.0,0
41370.403,2275.37,43645.78,0.055,0.007,107.0,230.0,86.0537,0.0,0.0,0.0,0
46747.2247,9349.44,56096.67,0.2,0.0053,206.0,210.0,96.2759,0.0,0.0,0.0,0
45971.6613,9194.33,55165.99,0.2,0.0013,9.0,38.0,98.6201,1.0,0.0,0.0,0
23194.0144,4638.8,27832.81,0.2,0.0044,163.0,64.0,79.7119,0.0,0.0,0.0,0
22237.8739,4447.57,26685.44,0.2,0.0039,86.0,216.0,92.397,0.0,0.0,0.0,0
26464.5091,2646.45,29110.96,0.1,0.0009,99.0,139.0,89.8069,0.0,0.0,0.0,0
36528.8554,2009.09,38537.95,0.055,0.0046,76.0,193.0,87.1511,1.0,0.0,0.0,0
5469.5635,1093.91,6563.48,0.2,0.0065,334.0,302.0,79.7515,1.0,0.0,0.0,0
40884.0136,8176.8,49060.81,0.2,0.0036,103.0,134.0,95.3876,0.0,0.0,0.0,0
21962.0666,4392.41,26354.47,0.2,0.0066,50.0,215.0,84.382,0.0,0.0,0.0,0
29136.8448,5827.37,34964.22,0.2,0.0052,107.0,18.0,98.964,0.0,0.0,0.0,0
150262.1971,15026.22,165288.42,0.1,0.0029,41.0,-123.0,72.823,4.0,1.0,1.0,1
261.4065,52.28,313.69,0.2,0.0035,314.0,21.0,85.7832,0.0,0.0,0.0,0
28433.0735,5686.61,34119.68,0.2,0.0035,328.0,174.0,87.6653,1.0,0.0,0.0,0
16885.3345,1688.53,18573.86,0.1,0.0045,104.0,133.0,86.1597,1.0,0.0,0.0,0
17244.9999,3449.0,20694.0,0.2,0.0001,126.0,70.0,88.2166,1.0,0.0,0.0,0
32723.8853,6544.78,39268.67,0.2,0.0047,235.0,171.0,81.8373,0.0,0.0,0.0,0
5268.9422,1053.79,6322.73,0.2,0.0022,269.0,137.0,85.8509,0.0,0.0,0.0,0
20617.1229,4123.42,24740.55,0.2,0.0071,213.0,123.0,79.1925,1.0,0.0,0.0,0
17700.2604,3540.05,21240.31,0.2,0.0004,87.0,277.0,88.4792,1.0,0.0,0.0,0
1747.2661,349.45,2096.71,0.2,0.0061,260.0,275.0,79.533,1.0,0.0,0.0,0
300014.9859,30001.5,330016.48,0.1,0.0059,5.0,14.0,89.497,2.0,1.0,0.0,1
9524.4994,0.0,9524.51,0.0,0.0106,298.0,299.0,86.719,1.0,0.0,0.0,0
43858.5713,8771.71,52630.29,0.2,0.0087,161.0,28.0,93.7338,1.0,0.0,0.0,0
35466.2462,7093.25,42559.49,0.2,0.0062,277.0,317.0,78.6856,0.0,0.0,0.0,0
20854.7604,4170.95,25025.72,0.2,0.0096,153.0,269.0,78.7827,0.0,0.0,0.0,0
6711.4403,671.14,7382.59,0.1,0.0097,82.0,246.0,92.759,0.0,0.0,0.0,0
34323.688,6864.74,41188.43,0.2,0.002,22.0,152.0,88.0361,0.0,0.0,0.0,0
15670.5784,3134.12,18804.69,0.2,0.0084,353.0,87.0,77.3572,1.0,0.0,0.0,0
36405.3839,3640.54,40045.92,0.1,0.0039,89.0,159.0,85.0053,1.0,0.0,0.0,0
16963.0303,1696.3,18659.33,0.1,0.0003,25.0,33.0,85.2507,1.0,0.0,0.0,0
18243.2923,7297.32,25540.61,0.4,0.0,243.0,232.0,71.6132,1.0,0.0,0.0,1
44674.0137,8934.8,53608.81,0.2,0.0037,293.0,241.0,88.7373,1.0,0.0,0.0,0
11406.1768,2281.24,13687.42,0.2,0.0032,364.0,214.0,92.2998,0.0,0.0,0.0,0
41847.9537,0.0,41847.95,0.0,0.0037,73.0,337.0,99.758,1.0,0.0,0.0,0
45909.4278,0.0,45909.42,0.0,0.0078,263.0,148.0,86.8483,1.0,0.0,0.0,0
8759.0943,1751.82,10510.92,0.2,0.0057,168.0,219.0,91.3827,1.0,0.0,0.0,0
48221.2759,9644.26,57865.53,0.2,0.0059,265.0,185.0,95.8878,0.0,0.0,0.0,0
45654.2977,9130.86,54785.17,0.2,0.0123,310.0,101.0,87.4184,1.0,0.0,0.0,0
19393.6287,1939.36,21332.98,0.1,0.0087,341.0,189.0,99.7112,1.0,0.0,0.0,0
34400.3471,1892.02,36292.36,0.055,0.0071,226.0,239.0,88.9931,1.0,0.0,0.0,0
49279.9004,9855.98,59135.89,0.2,0.0096,178.0,104.0,94.8421,0.0,0.0,0.0,0
31032.1305,6206.43,37238.57,0.2,0.0095,311.0,398.0,81.3566,1.0,0.0,0.0,0
14535.1728,2907.03,17442.2,0.2,0.0028,112.0,206.0,87.6319,1.0,0.0,0.0,0
47286.8906,9457.38,56744.28,0.2,0.0094,336.0,235.0,75.1155,1.0,0.0,0.0,0
41877.4497,8375.49,50252.95,0.2,0.0103,8.0,269.0,91.2531,1.0,0.0,0.0,0
44401.0402,8880.21,53281.25,0.2,0.0002,262.0,145.0,89.5247,1.0,0.0,0.0,0
48966.3133,9793.26,58759.58,0.2,0.0067,76.0,259.0,81.1214,1.0,0.0,0.0,0
2737.0156,150.54,2887.56,0.055,0.0044,146.0,263.0,88.8063,1.0,0.0,0.0,0
2204.6362,440.93,2645.57,0.2,0.0038,308.0,301.0,99.7952,1.0,0.0,0.0,0
7689.0542,1922.26,9611.31,0.25,0.0,63.0,78.0,70.2772,1.0,0.0,0.0,1
21674.5054,4334.9,26009.41,0.2,0.0046,109.0,392.0,77.1194,0.0,0.0,0.0,0
43006.1444,8601.23,51607.38,0.2,0.0056,286.0,104.0,90.4665,0.0,0.0,0.0,0
39695.3557,3969.54,43664.91,0.1,0.0143,172.0,196.0,95.1731,1.0,0.0,0.0,0
33832.1546,3383.22,37215.38,0.1,0.0054,162.0,120.0,94.9878,0.0,0.0,0.0,0
27547.3903,5509.48,33056.87,0.2,0.0003,192.0,150.0,87.8185,1.0,0.0,0.0,0
39575.5449,3957.55,43533.09,0.1,0.0049,337.0,232.0,81.9541,1.0,0.0,0.0,0
12454.1173,2490.82,14944.94,0.2,0.0027,96.0,211.0,82.8142,0.0,0.0,0.0,0
4601.8337,920.37,5522.19,0.2,0.0137,155.0,318.0,87.8138,0.0,0.0,0.0,0
18811.1565,3762.23,22573.38,0.2,0.0065,224.0,171.0,81.2074,0.0,0.0,0.0,0
1079.9053,215.98,1295.89,0.2,0.0047,321.0,143.0,85.5095,1.0,0.0,0.0,0
44317.257,8863.45,53180.7,0.2,0.007,238.0,193.0,87.002,1.0,0.0,0.0,0
2663.065,532.61,3195.67,0.2,0.005,9.0,251.0,85.4664,0.0,0.0,0.0,0
13602.6989,2720.54,16323.24,0.2,0.0011,291.0,41.0,87.6376,1.0,0.0,0.0,0
22466.8524,4493.37,26960.22,0.2,0.0024,160.0,156.0,85.8084,1.0,0.0,0.0,0
9935.6922,1987.14,11922.83,0.2,0.0022,270.0,346.0,91.0563,1.0,0.0,0.0,0
33097.067,3309.71,36406.77,0.1,0.007,231.0,225.0,89.3969,1.0,0.0,0.0,0
8379.8187,1675.96,10055.79,0.2,0.0113,88.0,121.0,83.8801,1.0,0.0,0.0,0
44932.8722,8986.57,53919.45,0.2,0.0078,117.0,316.0,77.8709,0.0,0.0,0.0,0
15109.2879,3021.86,18131.14,0.2,0.0079,238.0,79.0,96.8579,0.0,0.0,0.0,0
22357.9005,4471.58,26829.47,0.2,0.0105,289.0,141.0,99.6912,0.0,0.0,0.0,0
5385.9074,1077.18,6463.08,0.2,0.0074,294.0,379.0,77.0193,0.0,0.0,0.0,0
22638.7079,4527.74,27166.44,0.2,0.0079,351.0,66.0,75.0142,0.0,0.0,0.0,0
25589.5522,5117.91,30707.47,0.2,0.0078,47.0,295.0,84.2247,1.0,0.0,0.0,0
40927.2332,4092.72,45019.95,0.1,0.0032,182.0,284.0,76.9565,1.0,0.0,0.0,0
21255.4566,4251.09,25506.56,0.2,0.0134,105.0,392.0,76.741,1.0,0.0,0.0,0
12658.5184,1265.85,13924.36,0.1,0.0084,261.0,236.0,77.1215,0.0,0.0,0.0,0
6192.746,928.91,7121.66,0.15,0.0,70.0,292.0,97.4632,2.0,0.0,0.0,1
24159.9305,2415.99,26575.93,0.1,0.0095,25.0,52.0,86.206,1.0,0.0,0.0,0
4220.6169,844.12,5064.74,0.2,0.0031,322.0,257.0,85.7257,0.0,0.0,0.0,0
34153.6257,6830.73,40984.35,0.2,0.0057,272.0,124.0,80.2358,1.0,0.0,0.0,0
43668.3761,8733.68,52402.05,0.2,0.0061,356.0,194.0,82.2271,1.0,0.0,0.0,0
18521.6361,3704.33,22225.96,0.2,0.0061,236.0,303.0,77.9728,1.0,0.0,0.0,0
49014.1983,9802.84,58817.03,0.2,0.0083,259.0,37.0,76.0588,1.0,0.0,0.0,0
41188.7673,2265.38,43454.15,0.055,0.0027,331.0,384.0,80.7084,1.0,0.0,0.0,0
4567.9088,913.58,5481.49,0.2,0.0012,336.0,311.0,91.7808,1.0,0.0,0.0,0
14657.401,2931.48,17588.88,0.2,0.001,171.0,394.0,94.8757,0.0,0.0,0.0,0
22373.7839,4474.76,26848.54,0.2,0.0039,73.0,185.0,85.0593,1.0,0.0,0.0,0
41828.8698,8365.77,50194.63,0.2,0.0098,73.0,136.0,89.7769,0.0,0.0,0.0,0
11158.4064,613.71,11772.11,0.055,0.0064,182.0,205.0,81.1619,0.0,0.0,0.0,0
1436.192,78.99,1515.18,0.055,0.002,69.0,173.0,89.9619,0.0,0.0,0.0,0
41362.0835,8272.42,49634.49,0.2,0.0135,121.0,329.0,78.9002,0.0,0.0,0.0,0
4088.1095,817.62,4905.73,0.2,26.5889,30.0,-19.0,49.0491,6.0,0.0,1.0,1
38217.8824,802.58,39020.46,0.021,0.0024,342.0,384.0,89.8691,0.0,0.0,0.0,0
11872.7058,2374.54,14247.25,0.2,0.0,74.0,-350.0,99.736,2.0,0.0,1.0,1
22470.5085,4494.1,26964.6,0.2,0.0085,256.0,262.0,76.3258,1.0,0.0,0.0,0
49231.5167,0.0,49231.53,0.0,0.0133,214.0,38.0,78.4448,1.0,0.0,0.0,0
24149.224,4829.84,28979.06,0.2,0.004,227.0,356.0,94.8099,1.0,0.0,0.0,0
35570.211,3557.02,39127.24,0.1,0.009,272.0,142.0,88.2713,1.0,0.0,0.0,0
16018.2546,3203.65,19221.9,0.2,0.0046,268.0,145.0,75.4759,1.0,0.0,0.0,0
7601.2678,1520.25,9121.52,0.2,0.0022,272.0,114.0,90.3111,1.0,0.0,0.0,0
29520.785,5904.16,35424.94,0.2,0.005,13.0,120.0,77.9707,0.0,0.0,0.0,0
14418.3478,2883.67,17302.02,0.2,0.0022,282.0,294.0,86.7906,1.0,0.0,0.0,0
14305.6973,2861.14,17166.84,0.2,0.0027,213.0,315.0,85.9597,1.0,0.0,0.0,0
33802.5677,6760.51,40563.07,0.2,0.0077,274.0,184.0,85.2259,0.0,0.0,0.0,0
16172.5591,3234.51,19407.07,0.2,0.0009,59.0,179.0,80.7161,1.0,0.0,0.0,0
20379.7891,5094.95,25474.74,0.25,0.0,16.0,46.0,70.6796,2.0,0.0,0.0,1
41948.5148,8389.7,50338.22,0.2,0.0052,257.0,87.0,91.9098,1.0,0.0,0.0,0
2449.6212,489.92,2939.55,0.2,0.0088,89.0,264.0,87.3877,1.0,0.0,0.0,0
6131.067,1226.21,7357.28,0.2,16.1053,292.0,136.0,21.0213,3.0,0.0,0.0,1
18462.8638,3692.57,22155.44,0.2,0.0062,66.0,270.0,88.6792,0.0,0.0,0.0,0
5590.8222,1118.16,6708.98,0.2,0.0022,14.0,331.0,81.9839,0.0,0.0,0.0,0
19723.7146,1972.37,21696.08,0.1,0.0046,354.0,232.0,75.0161,1.0,0.0,0.0,0
9055.1603,905.52,9960.67,0.1,0.0103,222.0,299.0,96.8937,0.0,0.0,0.0,0
12233.6177,2446.72,14680.34,0.2,0.0023,250.0,341.0,75.1185,0.0,0.0,0.0,0
15215.302,3043.06,18258.36,0.2,0.002,139.0,384.0,77.9501,0.0,0.0,0.0,0
12390.8658,2478.17,14869.04,0.2,0.0042,90.0,38.0,94.434,1.0,0.0,0.0,0
38650.8236,7730.16,46380.99,0.2,0.0064,52.0,285.0,84.696,1.0,0.0,0.0,0
23288.5626,489.06,23777.61,0.021,0.0126,211.0,394.0,96.2348,1.0,0.0,0.0,0
11995.658,2399.13,14394.78,0.2,0.008,50.0,323.0,95.7841,1.0,0.0,0.0,0
9698.2124,1939.64,11637.86,0.2,0.0076,34.0,63.0,77.2543,0.0,0.0,0.0,0
44253.5781,8850.72,53104.29,0.2,0.0081,42.0,276.0,95.1558,0.0,0.0,0.0,0
4211.1383,842.23,5053.38,0.2,0.0117,21.0,66.0,82.208,0.0,0.0,0.0,0
20185.0555,4037.01,24222.06,0.2,0.0055,100.0,58.0,77.3392,0.0,0.0,0.0,0
43026.5331,2366.46,45392.99,0.055,0.0031,233.0,157.0,95.8209,1.0,0.0,0.0,0
16093.9934,3218.8,19312.79,0.2,0.0034,336.0,128.0,89.9924,1.0,0.0,0.0,0
9912.4675,1982.49,11894.96,0.2,0.0025,177.0,282.0,91.1969,1.0,0.0,0.0,0
41146.2346,8229.25,49375.49,0.2,0.0054,22.0,362.0,90.9484,0.0,0.0,0.0,0
10490.1653,2098.03,12588.19,0.2,0.0053,5.0,116.0,78.9362,0.0,0.0,0.0,0
9852.7261,2955.82,12808.55,0.3,0.0,261.0,276.0,82.3592,2.0,0.0,0.0,1
21120.1616,4224.03,25344.2,0.2,0.0084,227.0,129.0,99.9267,0.0,0.0,0.0,0
25093.8721,5018.77,32555.07,0.2,2442.4279,77.0,170.0,84.3392,3.0,0.0,0.0,1
44230.4564,8846.09,53076.54,0.2,0.0064,135.0,45.0,79.5883,0.0,0.0,0.0,0
47442.5941,9488.52,56931.12,0.2,0.0059,186.0,101.0,96.8713,1.0,0.0,0.0,0
26073.57,5214.71,31288.28,0.2,0.0,101.0,397.0,87.157,1.0,0.0,0.0,0
20949.9667,4189.99,25139.96,0.2,0.0033,260.0,322.0,87.2814,0.0,0.0,0.0,0
20708.1826,4141.64,24849.82,0.2,0.0026,231.0,380.0,82.926,1.0,0.0,0.0,0
28473.7308,5694.75,34168.47,0.2,0.0108,134.0,282.0,93.197,0.0,0.0,0.0,0
9830.5909,1966.12,11796.72,0.2,0.0091,80.0,295.0,98.6723,1.0,0.0,0.0,0
41104.432,8220.89,49325.32,0.2,0.002,215.0,39.0,91.9476,1.0,0.0,0.0,0
23744.6418,498.64,24243.28,0.021,0.0018,202.0,79.0,91.9524,1.0,0.0,0.0,0
32698.8496,3269.88,35968.73,0.1,0.0004,309.0,308.0,82.2039,1.0,0.0,0.0,0
5251.4655,1050.29,6301.76,0.2,0.0045,71.0,26.0,76.9829,0.0,0.0,0.0,0
41141.9382,8228.39,49370.33,0.2,0.0018,22.0,206.0,81.9143,1.0,0.0,0.0,0
42840.2044,8568.04,51408.24,0.2,0.0044,158.0,268.0,91.7964,1.0,0.0,0.0,0
14331.1532,2866.23,17197.39,0.2,0.0068,264.0,101.0,91.8937,0.0,0.0,0.0,0
31077.5708,3107.76,34185.32,0.1,0.0108,84.0,35.0,96.5192,1.0,0.0,0.0,0
2537.392,139.56,5038.17,0.055,2361.218,155.0,237.0,79.571,4.0,0.0,0.0,1
41589.4111,8317.88,49907.28,0.2,0.0111,44.0,153.0,96.8641,1.0,0.0,0.0,0
39143.8575,3914.39,43058.24,0.1,0.0075,185.0,295.0,86.0022,1.0,0.0,0.0,0
35278.9646,7055.79,42334.76,0.2,0.0054,207.0,69.0,86.4062,1.0,0.0,0.0,0
41374.1361,2275.58,43649.72,0.055,0.0039,93.0,50.0,76.3144,1.0,0.0,0.0,0
572.6532,114.53,687.19,0.2,0.0068,364.0,245.0,89.7447,0.0,0.0,0.0,0
37777.6007,3777.76,41555.37,0.1,0.0093,223.0,27.0,88.9048,0.0,0.0,0.0,0
7397.3046,1479.46,8876.77,0.2,0.0054,120.0,319.0,98.128,0.0,0.0,0.0,0
19764.3204,3952.86,23717.18,0.2,0.0004,364.0,78.0,75.7268,1.0,0.0,0.0,0
11993.6209,2398.72,14392.34,0.2,0.0,559.0,-175.0,94.5724,2.0,0.0,1.0,1
16462.0328,3292.41,19754.45,0.2,0.0072,343.0,345.0,81.167,1.0,0.0,0.0,0
49152.7611,9830.55,58983.31,0.2,0.0011,251.0,104.0,81.1469,1.0,0.0,0.0,0
32774.3,688.26,33462.57,0.021,0.01,201.0,70.0,93.3438,0.0,0.0,0.0,0
44012.8675,8802.57,52815.43,0.2,0.0075,100.0,341.0,87.124,0.0,0.0,0.0,0
18948.1778,3789.64,22737.82,0.2,0.0022,113.0,327.0,83.0209,1.0,0.0,0.0,0
34084.8565,6816.97,40901.82,0.2,0.0065,14.0,140.0,96.3036,1.0,0.0,0.0,0
32468.5761,6493.72,38962.3,0.2,0.0039,160.0,214.0,97.6799,0.0,0.0,0.0,0
12334.6392,1233.46,13568.1,0.1,0.0008,203.0,263.0,91.7551,1.0,0.0,0.0,0
17822.1602,3564.43,21386.58,0.2,0.0102,218.0,198.0,76.7558,0.0,0.0,0.0,0
6271.6996,1254.34,7526.04,0.2,0.0004,232.0,222.0,86.3579,0.0,0.0,0.0,0
27380.7546,2738.08,30118.83,0.1,0.0046,197.0,204.0,90.493,1.0,0.0,0.0,0
43687.3488,8737.47,52424.81,0.2,0.0088,16.0,183.0,88.9669,0.0,0.0,0.0,0
15115.5304,3023.11,18138.64,0.2,0.0,595.0,-372.0,75.1647,3.0,0.0,1.0,1
24804.3675,4960.87,29765.24,0.2,0.0025,347.0,310.0,80.6104,0.0,0.0,0.0,0
23293.2425,4658.65,27951.89,0.2,0.0025,95.0,249.0,93.6683,1.0,0.0,0.0,0
46476.2638,9295.25,55771.52,0.2,0.0062,162.0,310.0,77.3318,0.0,0.0,0.0,0
39692.4353,7938.49,47630.92,0.2,0.0053,176.0,131.0,99.1691,1.0,0.0,0.0,0
25925.4103,5185.08,31110.49,0.2,0.0003,173.0,26.0,77.4988,0.0,0.0,0.0,0
7338.8335,733.88,8072.72,0.1,0.0065,70.0,101.0,84.3592,1.0,0.0,0.0,0
40140.8888,4014.09,44154.98,0.1,0.0012,224.0,313.0,78.3638,1.0,0.0,0.0,0
38731.29,3873.13,42604.42,0.1,0.0,143.0,322.0,76.2241,1.0,0.0,0.0,0
15859.6444,1585.96,17445.6,0.1,0.0044,15.0,55.0,76.8015,1.0,0.0,0.0,0
28334.5405,5666.91,34001.45,0.2,0.0005,247.0,213.0,94.0981,1.0,0.0,0.0,0
216188.8433,21618.88,237807.73,0.1,0.0067,41.0,8.0,72.7525,3.0,1.0,0.0,1
46497.3977,9299.48,55796.87,0.2,0.0077,324.0,29.0,90.4892,0.0,0.0,0.0,0
25251.6811,2525.17,27776.86,0.1,0.0089,62.0,320.0,84.7621,0.0,0.0,0.0,0
31625.2016,6325.04,37950.24,0.2,0.0016,91.0,352.0,90.7917,1.0,0.0,0.0,0
38098.8743,3809.89,41908.76,0.1,0.0043,26.0,312.0,84.4135,0.0,0.0,0.0,0
41863.3294,8372.67,50235.99,0.2,0.0094,71.0,319.0,96.1959,1.0,0.0,0.0,0
20730.4781,2073.05,22803.52,0.1,0.0081,91.0,363.0,87.5052,0.0,0.0,0.0,0
15096.4322,3019.29,18115.73,0.2,0.0078,112.0,250.0,75.1214,0.0,0.0,0.0,0
10149.7875,2029.96,12179.76,0.2,0.0125,60.0,286.0,90.2631,0.0,0.0,0.0,0
13816.7992,2763.36,16580.15,0.2,0.0092,258.0,224.0,92.6257,0.0,0.0,0.0,0
13021.1076,1302.11,14323.22,0.1,0.0024,269.0,220.0,86.617,1.0,0.0,0.0,0
34130.2077,6826.04,40956.24,0.2,0.0077,82.0,326.0,81.6178,1.0,0.0,0.0,0
11781.1027,2356.22,14137.32,0.2,0.0027,110.0,355.0,95.4815,1.0,0.0,0.0,0
37943.9339,3794.39,41738.33,0.1,0.0061,57.0,160.0,81.7674,0.0,0.0,0.0,0
13090.0147,2618.0,15708.02,0.2,0.0053,59.0,184.0,81.9872,0.0,0.0,0.0,0
2958.6914,591.74,3550.42,0.2,0.0114,7.0,177.0,92.0179,1.0,0.0,0.0,0
19826.5277,3965.31,23791.83,0.2,0.0077,137.0,130.0,83.4869,1.0,0.0,0.0,0
5667.9692,1416.99,7084.96,0.25,0.0,197.0,73.0,84.3326,1.0,0.0,0.0,1
39940.7912,7988.16,47928.94,0.2,0.0112,217.0,116.0,86.7084,1.0,0.0,0.0,0
21426.9613,2142.7,23569.66,0.1,0.0013,10.0,205.0,99.7273,0.0,0.0,0.0,0
43970.6658,8794.13,52764.79,0.2,0.0058,252.0,177.0,84.871,0.0,0.0,0.0,0
14055.2142,2811.04,16866.26,0.2,0.0058,70.0,35.0,81.0323,0.0,0.0,0.0,0
1977.4992,108.76,2086.26,0.055,5.155,253.0,81.0,54.1978,3.0,0.0,0.0,1
35528.7632,7105.75,42634.51,0.2,0.0032,78.0,262.0,86.1645,0.0,0.0,0.0,0
43510.2779,8702.06,52212.34,0.2,0.0021,291.0,231.0,91.3197,1.0,0.0,0.0,0
12984.7437,272.68,13257.43,0.021,0.0063,181.0,387.0,95.9534,0.0,0.0,0.0,0
45534.2801,9106.86,54641.14,0.2,0.0001,199.0,283.0,98.8231,1.0,0.0,0.0,0
9682.8913,1936.58,11619.47,0.2,0.0013,92.0,60.0,92.2224,1.0,0.0,0.0,0
1902.1347,190.21,2092.35,0.1,0.0053,239.0,323.0,96.4215,1.0,0.0,0.0,0
33163.4424,6632.69,39796.14,0.2,0.0076,363.0,269.0,85.1597,0.0,0.0,0.0,0
24985.317,4997.06,29982.37,0.2,0.007,338.0,82.0,79.7721,0.0,0.0,0.0,0
5659.8402,1131.97,6791.81,0.2,0.0002,180.0,200.0,88.868,1.0,0.0,0.0,0
19825.3877,3965.08,23790.47,0.2,0.0023,205.0,324.0,97.3791,1.0,0.0,0.0,0
1276.2816,127.63,1403.92,0.1,0.0084,160.0,221.0,88.8509,0.0,0.0,0.0,0
2488.9698,497.79,2986.76,0.2,0.0002,131.0,17.0,85.9795,1.0,0.0,0.0,0
22876.5356,2287.65,25164.19,0.1,0.0044,281.0,369.0,77.194,1.0,0.0,0.0,0
25849.845,5169.97,31019.82,0.2,0.005,106.0,80.0,76.1228,0.0,0.0,0.0,0
39180.2143,7836.04,47016.25,0.2,0.0043,176.0,271.0,98.4457,0.0,0.0,0.0,0
49233.4474,9846.69,59080.13,0.2,0.0074,55.0,229.0,83.2196,0.0,0.0,0.0,0
49334.1116,9866.82,59200.93,0.2,0.0016,224.0,351.0,82.1013,1.0,0.0,0.0,0
49524.0205,0.0,49524.03,0.0,0.0095,170.0,221.0,77.017,0.0,0.0,0.0,0
22075.7487,4415.15,26490.89,0.2,0.0087,144.0,282.0,99.3527,1.0,0.0,0.0,0
30375.0738,3037.51,33412.58,0.1,0.0038,18.0,122.0,76.4308,1.0,0.0,0.0,0
21071.8931,442.51,21514.41,0.021,0.0069,66.0,373.0,95.109,0.0,0.0,0.0,0
5542.8955,1108.58,6651.48,0.2,0.0045,177.0,63.0,98.2865,0.0,0.0,0.0,0
44677.8892,8935.58,53613.46,0.2,0.0092,280.0,329.0,97.833,0.0,0.0,0.0,0
34133.1989,6826.64,40959.84,0.2,0.0011,264.0,273.0,82.928,1.0,0.0,0.0,0
30756.9781,6151.4,36908.38,0.2,0.0019,92.0,157.0,79.6687,1.0,0.0,0.0,0
13077.7756,1307.78,14385.55,0.1,0.0056,162.0,251.0,98.3689,1.0,0.0,0.0,0
8864.7154,1772.94,10637.66,0.2,0.0,91.0,-364.0,78.7982,1.0,0.0,1.0,1
1994.0404,398.81,2392.85,0.2,0.0004,186.0,184.0,91.2275,0.0,0.0,0.0,0
29046.859,5809.37,34856.24,0.2,0.011,342.0,142.0,96.8724,1.0,0.0,0.0,0
35965.1544,7193.03,43158.18,0.2,0.0044,235.0,177.0,92.0343,1.0,0.0,0.0,0
3447.7404,189.63,3637.37,0.055,0.0004,361.0,346.0,98.0491,1.0,0.0,0.0,0
8598.5151,1719.7,10318.21,0.2,0.0051,297.0,58.0,94.9588,0.0,0.0,0.0,0
11436.7717,1143.68,12580.45,0.1,0.0017,201.0,37.0,75.9108,1.0,0.0,0.0,0
21203.9499,4240.79,25444.74,0.2,0.0001,174.0,103.0,90.9402,0.0,0.0,0.0,0
25249.1636,5049.83,30299.0,0.2,0.0064,50.0,239.0,94.3462,0.0,0.0,0.0,0
5607.0719,1121.41,6728.48,0.2,0.0019,89.0,267.0,93.1749,1.0,0.0,0.0,0
19418.8803,3883.78,23302.66,0.2,0.0003,112.0,254.0,84.7038,0.0,0.0,0.0,0
44393.6603,8878.73,53272.4,0.2,0.0097,219.0,148.0,91.2149,1.0,0.0,0.0,0
32891.1462,6578.23,39469.38,0.2,0.0038,55.0,72.0,91.8332,1.0,0.0,0.0,0
4634.2919,926.86,5561.16,0.2,0.0081,295.0,70.0,79.7209,0.0,0.0,0.0,0
3774.4992,754.9,4529.4,0.2,0.0008,254.0,34.0,79.7195,0.0,0.0,0.0,0
21762.0301,4352.41,26114.45,0.2,0.0099,187.0,298.0,76.027,0.0,0.0,0.0,0
6458.0599,135.62,6593.68,0.021,0.0001,48.0,335.0,79.0894,1.0,0.0,0.0,0
5687.1802,1137.44,6824.62,0.2,0.0,502.0,-153.0,96.0624,1.0,0.0,1.0,1
27734.3331,5546.87,33281.21,0.2,0.0069,111.0,299.0,88.5591,1.0,0.0,0.0,0
12320.5675,1232.06,13552.63,0.1,0.0,127.0,-331.0,73.5011,3.0,0.0,1.0,1
17935.4706,3587.09,21522.56,0.2,0.0,142.0,-220.0,92.8897,3.0,0.0,1.0,1
46610.8296,9322.17,55933.01,0.2,0.0104,182.0,172.0,88.4359,1.0,0.0,0.0,0
43281.9915,8656.4,51938.39,0.2,0.0015,151.0,378.0,76.272,0.0,0.0,0.0,0
6501.361,1300.27,7801.63,0.2,0.0,382.0,-191.0,88.7997,3.0,0.0,1.0,1
39574.3106,7914.86,47489.16,0.2,0.0106,311.0,301.0,83.87,1.0,0.0,0.0,0
1438.0027,287.6,1725.61,0.2,0.0073,337.0,337.0,78.5085,0.0,0.0,0.0,0
19994.2094,3998.84,23993.04,0.2,0.0094,47.0,160.0,83.035,1.0,0.0,0.0,0
26107.4573,5221.49,31328.94,0.2,0.0073,290.0,311.0,84.8752,1.0,0.0,0.0,0
6397.5526,1279.51,7677.07,0.2,0.0074,148.0,354.0,77.6841,1.0,0.0,0.0,0
12904.3252,2580.87,15485.19,0.2,0.0052,222.0,290.0,84.9919,1.0,0.0,0.0,0
31683.6845,6336.74,38020.42,0.2,0.0045,147.0,365.0,98.0969,0.0,0.0,0.0,0
19644.2362,3928.85,23573.09,0.2,0.0038,141.0,124.0,95.0971,0.0,0.0,0.0,0
7033.1206,1406.62,8439.74,0.2,0.0006,335.0,163.0,96.8771,1.0,0.0,0.0,0
25460.262,1400.31,26860.57,0.055,0.002,297.0,201.0,79.3444,0.0,0.0,0.0,0
43020.5328,4302.05,47322.58,0.1,0.0028,39.0,281.0,84.8459,1.0,0.0,0.0,0
42849.1996,8569.84,51419.04,0.2,0.0004,250.0,90.0,80.4156,0.0,0.0,0.0,0
16056.2761,1605.63,17661.91,0.1,0.0039,296.0,125.0,85.3507,0.0,0.0,0.0,0
1912.3871,382.48,2294.87,0.2,0.0,515.0,-69.0,71.2346,2.0,0.0,1.0,1
48668.1483,4866.81,53534.95,0.1,0.0083,26.0,273.0,86.6755,1.0,0.0,0.0,0
19076.8242,3815.36,22892.19,0.2,0.0058,238.0,295.0,94.574,1.0,0.0,0.0,0
25808.2989,2580.83,28389.13,0.1,0.0011,195.0,315.0,90.9891,0.0,0.0,0.0,0
3281.8968,656.38,3938.28,0.2,0.0032,17.0,135.0,98.3347,0.0,0.0,0.0,0
29802.7965,5960.56,35763.36,0.2,0.0035,24.0,134.0,78.5968,0.0,0.0,0.0,0
38743.0112,7748.6,46491.62,0.2,0.0088,31.0,281.0,77.3544,1.0,0.0,0.0,0
564.2599,112.85,677.11,0.2,0.0001,191.0,257.0,99.5451,1.0,0.0,0.0,0
36524.6409,3652.46,40177.1,0.1,0.0009,321.0,76.0,99.8275,1.0,0.0,0.0,0
35889.9354,7177.99,43067.93,0.2,0.0046,315.0,255.0,94.6891,0.0,0.0,0.0,0
1674.443,334.89,2009.34,0.2,0.007,222.0,271.0,80.9415,0.0,0.0,0.0,0
34507.2923,1897.9,36405.19,0.055,0.0023,359.0,231.0,82.2459,0.0,0.0,0.0,0
22931.3193,4586.26,27517.58,0.2,0.0007,231.0,122.0,81.4452,0.0,0.0,0.0,0
16846.8159,3369.36,20216.18,0.2,0.0041,112.0,27.0,95.6126,1.0,0.0,0.0,0
10924.7869,600.86,11525.65,0.055,0.0031,336.0,360.0,77.7318,1.0,0.0,0.0,0
734.2367,146.85,881.09,0.2,0.0033,233.0,192.0,79.1477,0.0,0.0,0.0,0
29748.3382,0.0,29748.35,0.0,0.0118,25.0,270.0,84.8992,0.0,0.0,0.0,0
4818.5,1927.4,6745.9,0.4,0.0,180.0,83.0,83.1331,2.0,0.0,0.0,1
24709.2301,4941.85,29651.09,0.2,0.0099,291.0,339.0,77.9276,0.0,0.0,0.0,0
22897.6592,4579.53,27477.19,0.2,0.0008,295.0,235.0,79.4193,0.0,0.0,0.0,0
3093.8024,618.76,3712.56,0.2,0.0024,278.0,353.0,96.112,0.0,0.0,0.0,0
563.8845,112.78,676.66,0.2,2.4247,334.0,-2.0,20.1713,3.0,0.0,1.0,1
7759.7263,1551.95,9311.68,0.2,0.0037,183.0,224.0,95.5978,0.0,0.0,0.0,0
29690.4119,5938.08,35628.49,0.2,0.0019,83.0,143.0,88.6025,1.0,0.0,0.0,0
2141.173,428.23,2569.4,0.2,0.003,125.0,381.0,93.6778,0.0,0.0,0.0,0
20813.7299,4162.75,24976.49,0.2,0.0101,166.0,231.0,80.0337,1.0,0.0,0.0,0
21867.8336,0.0,21867.84,0.0,0.0064,33.0,301.0,97.2698,0.0,0.0,0.0,0
26134.3763,5226.88,31361.26,0.2,0.0037,106.0,155.0,77.5878,0.0,0.0,0.0,0
40327.4804,8065.5,48392.98,0.2,0.0004,325.0,301.0,83.2446,0.0,0.0,0.0,0
23021.4497,4604.29,27625.73,0.2,0.0097,287.0,256.0,84.8232,0.0,0.0,0.0,0
7883.6167,1576.72,9460.34,0.2,0.0033,15.0,152.0,83.1456,1.0,0.0,0.0,0
14135.3307,2827.07,16962.41,0.2,0.0093,231.0,309.0,90.6938,0.0,0.0,0.0,0
31585.7276,6317.15,37902.87,0.2,0.0076,169.0,324.0,97.1555,1.0,0.0,0.0,0
29531.5671,5906.31,35437.88,0.2,0.0029,355.0,57.0,77.8566,0.0,0.0,0.0,0
33774.9206,6754.98,40529.89,0.2,0.0106,151.0,195.0,93.8443,0.0,0.0,0.0,0
9164.4673,1832.89,10997.36,0.2,0.0,370.0,-9.0,76.6997,2.0,0.0,1.0,1
36797.6795,7359.54,44157.22,0.2,0.0005,183.0,345.0,78.3026,1.0,0.0,0.0,0
20997.4408,4199.49,25196.94,0.2,0.0092,135.0,96.0,82.1099,1.0,0.0,0.0,0
14048.0872,295.01,14343.1,0.021,0.0028,45.0,395.0,99.2815,0.0,0.0,0.0,0
14292.3811,2858.48,17150.86,0.2,0.0011,187.0,264.0,90.2032,0.0,0.0,0.0,0
10421.9406,2084.39,12506.33,0.2,0.0006,115.0,321.0,96.8706,1.0,0.0,0.0,0
15638.1211,3127.62,18765.75,0.2,0.0089,78.0,224.0,78.156,1.0,0.0,0.0,0
8649.2612,2162.32,10811.58,0.25,0.0,72.0,155.0,78.8297,1.0,0.0,0.0,1
45786.7675,9157.35,54944.13,0.2,0.0125,12.0,121.0,96.6569,0.0,0.0,0.0,0
41466.6628,8293.33,49760.0,0.2,0.0072,238.0,217.0,89.6527,0.0,0.0,0.0,0
49778.6539,9955.73,59734.39,0.2,0.0061,239.0,259.0,95.6694,1.0,0.0,0.0,0
47453.1248,2609.92,50063.04,0.055,0.0048,281.0,138.0,88.3859,1.0,0.0,0.0,0
10499.3137,577.46,11076.77,0.055,0.0037,85.0,359.0,77.5099,0.0,0.0,0.0,0
24774.8811,4954.98,29729.86,0.2,0.0011,257.0,392.0,81.3063,0.0,0.0,0.0,0
36807.0061,7361.4,44168.41,0.2,0.0039,108.0,81.0,75.0206,0.0,0.0,0.0,0
1749.6978,349.94,2099.64,0.2,21.9794,261.0,209.0,46.0312,6.0,0.0,0.0,1
19080.428,3816.09,22896.53,0.2,0.012,216.0,32.0,98.0716,0.0,0.0,0.0,0
29816.1931,5963.24,35779.43,0.2,0.0031,65.0,211.0,92.0242,1.0,0.0,0.0,0
3034.2775,166.89,3201.16,0.055,0.0075,283.0,393.0,99.1092,1.0,0.0,0.0,0
22352.8208,4470.56,26823.38,0.2,0.0008,147.0,126.0,86.7946,1.0,0.0,0.0,0
10378.9889,2075.8,12454.78,0.2,0.0089,76.0,391.0,84.4286,1.0,0.0,0.0,0
21413.354,4282.67,25696.02,0.2,0.004,18.0,172.0,81.4343,0.0,0.0,0.0,0
4618.9778,923.8,5542.79,0.2,0.0122,207.0,380.0,85.2801,1.0,0.0,0.0,0
15874.531,3174.91,19049.44,0.2,0.001,190.0,339.0,75.0267,0.0,0.0,0.0,0
7699.9096,1539.98,9239.88,0.2,0.0096,86.0,125.0,99.6797,1.0,0.0,0.0,0
28244.1501,2824.42,31068.57,0.1,0.0001,75.0,316.0,83.0396,0.0,0.0,0.0,0
10070.5705,553.88,10624.45,0.055,0.0005,331.0,24.0,75.1357,0.0,0.0,0.0,0
15187.2449,3037.45,18224.7,0.2,0.0051,114.0,382.0,82.1612,1.0,0.0,0.0,0
45359.0012,9071.8,54430.8,0.2,0.0012,317.0,44.0,81.6825,1.0,0.0,0.0,0
949.7491,189.95,1139.7,0.2,0.0,70.0,-439.0,73.0711,2.0,0.0,1.0,1
18300.6974,3660.14,21960.84,0.2,0.0026,141.0,306.0,83.5075,1.0,0.0,0.0,0
26039.1463,5207.83,31246.98,0.2,0.0037,326.0,140.0,84.3414,1.0,0.0,0.0,0
42044.5008,8408.9,50453.39,0.2,0.0108,348.0,19.0,87.7818,1.0,0.0,0.0,0
20634.9997,4127.0,24762.0,0.2,0.0003,129.0,338.0,78.4166,1.0,0.0,0.0,0
25422.3709,5084.47,30506.85,0.2,0.0091,309.0,198.0,75.655,0.0,0.0,0.0,0
10744.7069,1074.47,11819.18,0.1,0.0031,72.0,23.0,92.0754,1.0,0.0,0.0,0
26951.1979,5390.24,32341.43,0.2,0.0079,134.0,192.0,81.3637,0.0,0.0,0.0,0
37549.1802,7509.84,45059.01,0.2,0.0102,108.0,25.0,94.4336,1.0,0.0,0.0,0
3090.3075,618.06,3708.37,0.2,46.0961,64.0,13.0,44.943,5.0,0.0,0.0,1
16741.7198,3348.34,20090.05,0.2,0.0098,48.0,45.0,78.0028,0.0,0.0,0.0,0
11076.8844,1107.69,12184.58,0.1,0.0056,324.0,78.0,88.9165,0.0,0.0,0.0,0
4908.8565,981.77,5890.64,0.2,0.0135,221.0,249.0,84.5353,1.0,0.0,0.0,0
47753.9399,9550.79,57304.72,0.2,0.0099,172.0,303.0,97.0259,0.0,0.0,0.0,0
7890.2698,1578.05,9468.32,0.2,0.0002,119.0,216.0,97.0706,1.0,0.0,0.0,0
30965.7396,6193.15,37158.88,0.2,0.0096,210.0,257.0,84.493,0.0,0.0,0.0,0
48516.0383,2668.38,51184.43,0.055,0.0117,278.0,84.0,76.9539,1.0,0.0,0.0,0
37074.1787,2039.08,39113.25,0.055,0.0087,10.0,294.0,92.2989,0.0,0.0,0.0,0
10295.5434,2059.11,12354.66,0.2,0.0066,266.0,348.0,79.5454,0.0,0.0,0.0,0
49493.1888,9898.64,59391.82,0.2,0.0088,26.0,215.0,89.506,1.0,0.0,0.0,0
18671.9297,1867.19,20539.13,0.1,0.0103,351.0,133.0,98.8225,1.0,0.0,0.0,0
38439.2973,7687.86,46127.16,0.2,0.0027,129.0,347.0,82.9496,1.0,0.0,0.0,0
36622.2911,3662.23,40284.51,0.1,0.0111,315.0,43.0,98.7393,1.0,0.0,0.0,0
14051.7079,772.84,14824.54,0.055,0.0079,95.0,68.0,83.173,1.0,0.0,0.0,0
15228.9146,3045.78,18274.69,0.2,0.0046,108.0,69.0,97.7997,1.0,0.0,0.0,0
37625.6741,7525.13,45150.81,0.2,0.0059,304.0,349.0,90.7237,1.0,0.0,0.0,0
34763.4417,6952.69,41716.12,0.2,0.0117,135.0,182.0,97.3177,1.0,0.0,0.0,0
8609.8775,473.54,9083.41,0.055,0.0075,263.0,330.0,87.4412,0.0,0.0,0.0,0
7671.971,1534.39,9206.36,0.2,0.001,51.0,292.0,89.9857,1.0,0.0,0.0,0
48321.585,4832.16,53153.74,0.1,0.005,177.0,346.0,75.662,0.0,0.0,0.0,0
43234.0141,2377.87,45611.88,0.055,0.0041,40.0,45.0,80.6482,0.0,0.0,0.0,0
19783.8567,3956.77,23740.63,0.2,0.0033,85.0,53.0,82.8539,1.0,0.0,0.0,0
20276.3822,4055.28,24331.67,0.2,0.0078,269.0,239.0,97.6772,1.0,0.0,0.0,0
7236.2055,1447.24,8683.45,0.2,0.0045,1.0,244.0,84.4497,0.0,0.0,0.0,0
7803.9687,1560.79,9364.75,0.2,0.0087,51.0,221.0,78.4947,0.0,0.0,0.0,0
7067.3992,1413.48,8480.87,0.2,0.0092,110.0,301.0,80.0422,1.0,0.0,0.0,0
41117.7086,8223.54,49341.25,0.2,0.0014,119.0,259.0,75.8773,0.0,0.0,0.0,0
28712.0282,7178.01,35890.04,0.25,0.0,197.0,263.0,94.7569,2.0,0.0,0.0,1
24692.2666,4938.45,29630.72,0.2,0.0034,338.0,399.0,76.7963,1.0,0.0,0.0,0
19616.4955,3923.3,23539.81,0.2,0.0145,312.0,98.0,82.535,0.0,0.0,0.0,0
39554.1091,7910.82,47464.93,0.2,0.0009,9.0,246.0,77.5298,0.0,0.0,0.0,0
18778.4173,3755.68,22534.09,0.2,0.0073,320.0,272.0,94.3727,0.0,0.0,0.0,0
7236.1254,1447.23,8683.36,0.2,0.0,431.0,-342.0,75.0517,1.0,0.0,1.0,1
23793.634,4758.73,28552.36,0.2,0.004,208.0,397.0,97.9599,0.0,0.0,0.0,0
34838.4911,6967.7,41806.2,0.2,0.0089,358.0,274.0,79.8709,0.0,0.0,0.0,0
3535.5051,707.1,4242.6,0.2,0.0051,106.0,112.0,99.6507,0.0,0.0,0.0,0
8448.5274,1689.71,10138.23,0.2,0.0074,186.0,176.0,79.881,1.0,0.0,0.0,0
39642.7575,7928.55,47571.31,0.2,0.0025,279.0,165.0,95.0178,1.0,0.0,0.0,0
30592.4396,0.0,30592.43,0.0,0.0096,143.0,390.0,80.1003,1.0,0.0,0.0,0
41022.3932,4102.24,45124.64,0.1,0.0068,157.0,247.0,92.7405,0.0,0.0,0.0,0
41191.6056,8238.32,49429.93,0.2,0.0044,15.0,46.0,84.862,1.0,0.0,0.0,0
9982.4464,1996.49,11978.94,0.2,0.0036,116.0,389.0,87.5185,0.0,0.0,0.0,0
984.1437,196.83,6175.1,0.2,4994.1263,100.0,179.0,71.4377,2.0,0.0,0.0,1
8891.9492,889.19,9781.14,0.1,0.0008,104.0,250.0,75.8148,1.0,0.0,0.0,0
46492.7312,9298.55,55791.29,0.2,0.0088,189.0,381.0,75.3013,1.0,0.0,0.0,0
39181.5151,7836.3,47017.81,0.2,0.0051,131.0,310.0,75.8234,0.0,0.0,0.0,0
47658.163,9531.63,57189.79,0.2,0.003,128.0,355.0,87.2316,0.0,0.0,0.0,0
33678.7687,6735.75,40414.52,0.2,0.0013,18.0,275.0,95.5308,1.0,0.0,0.0,0
30207.3269,6041.47,36248.79,0.2,0.0069,324.0,147.0,83.0146,0.0,0.0,0.0,0
15569.0441,0.0,15569.05,0.0,0.0059,239.0,95.0,99.1737,1.0,0.0,0.0,0
35803.2303,7160.65,42963.88,0.2,0.0003,52.0,100.0,79.714,0.0,0.0,0.0,0
44834.998,8967.0,53802.0,0.2,0.002,283.0,134.0,80.6269,0.0,0.0,0.0,0
48102.5037,2645.64,50748.15,0.055,0.0063,166.0,113.0,99.2294,0.0,0.0,0.0,0
45955.9253,9191.19,55147.12,0.2,0.0047,331.0,394.0,84.0384,1.0,0.0,0.0,0
7918.2619,1583.65,9501.92,0.2,0.0081,320.0,23.0,92.7216,1.0,0.0,0.0,0
5074.5874,1014.92,6089.51,0.2,0.0026,310.0,26.0,86.2054,0.0,0.0,0.0,0
19802.7968,3960.56,23763.36,0.2,0.0032,268.0,351.0,96.2783,1.0,0.0,0.0,0
39185.3401,7837.07,47022.41,0.2,0.0001,236.0,189.0,78.7916,1.0,0.0,0.0,0
36314.1294,7262.83,43576.96,0.2,0.0006,60.0,332.0,97.2505,0.0,0.0,0.0,0
42699.473,8539.89,51239.35,0.2,0.013,149.0,343.0,82.3398,0.0,0.0,0.0,0
46247.5809,9249.52,55497.1,0.2,0.0009,49.0,267.0,81.6269,0.0,0.0,0.0,0
5851.5497,1170.31,7021.85,0.2,0.0097,30.0,274.0,76.7792,0.0,0.0,0.0,0
49751.469,9950.29,59701.76,0.2,0.001,1.0,80.0,83.803,0.0,0.0,0.0,0
8959.687,1791.94,10751.63,0.2,30.4208,212.0,-17.0,24.8964,5.0,0.0,1.0,1
47136.9613,9427.39,56564.35,0.2,0.0013,317.0,399.0,92.9672,0.0,0.0,0.0,0
49545.119,4954.51,54499.64,0.1,0.011,72.0,361.0,75.5111,0.0,0.0,0.0,0
33570.6401,6714.13,40284.77,0.2,0.0001,261.0,348.0,93.9593,1.0,0.0,0.0,0
16119.8688,1611.99,17731.86,0.1,0.0,364.0,-63.0,88.0626,2.0,0.0,1.0,1
28644.1346,0.0,28644.13,0.0,0.0046,76.0,91.0,87.9729,1.0,0.0,0.0,0
1995.7797,399.16,2394.94,0.2,0.0003,53.0,97.0,89.3114,0.0,0.0,0.0,0
26664.4078,5332.88,31997.28,0.2,0.0078,131.0,379.0,84.1584,1.0,0.0,0.0,0
13043.1217,2608.62,15651.75,0.2,0.0083,338.0,221.0,77.2101,0.0,0.0,0.0,0
894.0271,178.81,1072.83,0.2,0.0071,52.0,17.0,78.0458,1.0,0.0,0.0,0
8816.5913,0.0,8816.58,0.0,0.0113,110.0,115.0,90.9874,1.0,0.0,0.0,0
22196.1611,4439.23,29847.27,0.2,3211.8789,82.0,157.0,70.9017,2.0,0.0,0.0,1
46809.6875,4680.97,51490.65,0.1,0.0075,162.0,344.0,87.2456,1.0,0.0,0.0,0
17944.6107,3588.92,21533.53,0.2,0.0007,205.0,274.0,91.6741,1.0,0.0,0.0,0
14545.3864,2909.08,17454.46,0.2,0.0064,361.0,346.0,95.8883,0.0,0.0,0.0,0
22165.656,4433.13,26598.79,0.2,0.004,98.0,119.0,75.8011,1.0,0.0,0.0,0
27809.9443,5561.99,33371.93,0.2,0.0043,319.0,21.0,77.9738,0.0,0.0,0.0,0
25979.5438,5195.91,31175.45,0.2,0.0038,143.0,219.0,85.8641,0.0,0.0,0.0,0
18446.344,3689.27,22135.61,0.2,0.004,134.0,81.0,82.4219,1.0,0.0,0.0,0
3316.0416,663.21,3979.24,0.2,0.0116,1.0,254.0,92.5318,0.0,0.0,0.0,0
38765.9768,7753.2,46519.18,0.2,0.0032,112.0,259.0,88.0531,1.0,0.0,0.0,0
38690.1753,7738.04,46428.22,0.2,0.0047,179.0,126.0,96.5222,0.0,0.0,0.0,0
9497.2675,522.35,10019.61,0.055,0.0075,235.0,275.0,92.7791,0.0,0.0,0.0,0
4016.6053,803.32,4819.94,0.2,0.0147,240.0,272.0,92.769,1.0,0.0,0.0,0
36342.3617,7268.47,43610.84,0.2,0.0083,126.0,198.0,97.9699,1.0,0.0,0.0,0
48595.8302,9719.17,58315.0,0.2,0.0002,166.0,187.0,84.6585,0.0,0.0,0.0,0
22053.3207,4410.66,26463.98,0.2,0.0007,328.0,102.0,94.0789,0.0,0.0,0.0,0
16313.9572,3262.79,19576.74,0.2,0.0072,244.0,47.0,86.3298,1.0,0.0,0.0,0
4935.7683,987.15,5922.91,0.2,0.0083,224.0,214.0,78.4352,1.0,0.0,0.0,0
19492.1679,1072.07,20564.23,0.055,0.0079,169.0,35.0,93.7207,1.0,0.0,0.0,0
13029.1083,1302.91,14332.02,0.1,0.0017,273.0,296.0,80.3981,1.0,0.0,0.0,0
19262.6015,404.51,19667.12,0.021,0.0085,287.0,314.0,94.2548,0.0,0.0,0.0,0
4560.3441,912.07,5472.41,0.2,14.4041,330.0,130.0,53.4672,5.0,0.0,0.0,1
6521.3758,652.14,7173.52,0.1,0.0042,344.0,161.0,97.473,1.0,0.0,0.0,0
11233.6133,2246.72,13480.32,0.2,0.0133,254.0,332.0,89.0582,0.0,0.0,0.0,0
29014.743,5802.95,34817.7,0.2,0.007,127.0,76.0,98.0474,1.0,0.0,0.0,0
41440.5149,8288.1,49728.62,0.2,0.0051,285.0,216.0,81.5836,1.0,0.0,0.0,0
23146.3263,4629.27,27775.59,0.2,0.0063,220.0,28.0,78.4551,0.0,0.0,0.0,0
26335.5971,1448.46,27784.07,0.055,0.0129,192.0,59.0,83.7251,1.0,0.0,0.0,0
32764.4904,6552.9,39317.39,0.2,0.0004,299.0,248.0,90.3401,1.0,0.0,0.0,0
41659.9584,8331.99,49991.95,0.2,0.0016,184.0,225.0,87.5192,0.0,0.0,0.0,0
190210.1578,19021.02,209231.18,0.1,0.0022,42.0,-8.0,88.5887,2.0,1.0,1.0,1
26953.5004,5390.7,32344.19,0.2,0.0104,333.0,207.0,90.4447,1.0,0.0,0.0,0
42586.3288,8517.27,51103.6,0.2,0.0012,19.0,85.0,81.769,0.0,0.0,0.0,0
44938.6541,4493.87,49432.52,0.1,0.0041,121.0,320.0,82.861,0.0,0.0,0.0,0
43671.0184,4367.1,48038.11,0.1,0.0084,363.0,59.0,81.7021,0.0,0.0,0.0,0
8534.392,1706.88,10241.28,0.2,0.008,168.0,105.0,90.2974,0.0,0.0,0.0,0
40348.3101,8069.66,48417.98,0.2,0.0099,119.0,204.0,87.3418,0.0,0.0,0.0,0
26714.2829,5342.86,32057.14,0.2,0.0029,249.0,173.0,77.9862,0.0,0.0,0.0,0
28849.6886,5769.94,34619.64,0.2,0.0114,194.0,78.0,94.1203,1.0,0.0,0.0,0
1836.81,367.36,2204.16,0.2,0.01,143.0,19.0,87.3873,0.0,0.0,0.0,0
8041.9671,1608.39,9650.36,0.2,0.0,74.0,-42.0,82.2066,3.0,0.0,1.0,1
22667.0581,2266.71,24933.76,0.1,0.0081,289.0,160.0,93.7831,0.0,0.0,0.0,0
39072.9406,3907.29,42980.23,0.1,0.0006,83.0,135.0,81.0621,1.0,0.0,0.0,0
14481.3557,2896.27,17377.63,0.2,0.0043,117.0,227.0,87.8047,0.0,0.0,0.0,0
22586.7056,4517.34,27104.04,0.2,0.0056,6.0,356.0,95.2938,0.0,0.0,0.0,0
1195.0002,239.0,1434.0,0.2,0.0002,347.0,213.0,92.8222,1.0,0.0,0.0,0
26025.3135,5205.06,31230.38,0.2,0.0065,334.0,357.0,87.5079,1.0,0.0,0.0,0
38046.3508,7609.27,45655.63,0.2,0.0092,58.0,376.0,93.2094,1.0,0.0,0.0,0
49509.2516,9901.85,59411.1,0.2,0.0016,256.0,351.0,79.0099,1.0,0.0,0.0,0
40043.8878,840.92,40884.81,0.021,0.0022,274.0,73.0,89.6534,0.0,0.0,0.0,0
37767.1812,3776.72,41543.91,0.1,0.0088,362.0,158.0,95.045,1.0,0.0,0.0,0
35959.5044,7191.9,43151.4,0.2,0.0044,214.0,288.0,99.9941,0.0,0.0,0.0,0
7952.6248,1590.52,9543.15,0.2,0.0052,209.0,169.0,77.0771,0.0,0.0,0.0,0
33491.0157,3349.1,36840.12,0.1,0.0043,192.0,223.0,95.4971,0.0,0.0,0.0,0
28787.9642,5757.59,34545.55,0.2,0.0042,89.0,41.0,83.2819,0.0,0.0,0.0,0
43391.6914,8678.34,52070.04,0.2,0.0086,46.0,390.0,96.0539,0.0,0.0,0.0,0
42519.5021,8503.9,51023.4,0.2,0.0021,175.0,172.0,89.296,1.0,0.0,0.0,0
48753.1426,9750.63,58503.78,0.2,0.0074,61.0,384.0,86.0304,1.0,0.0,0.0,0
35248.1292,7049.63,42297.75,0.2,0.0092,123.0,202.0,94.1053,1.0,0.0,0.0,0
44796.1279,8959.23,53755.36,0.2,0.0021,308.0,288.0,82.7115,1.0,0.0,0.0,0
17430.8432,958.7,18389.54,0.055,0.0032,316.0,132.0,88.4154,1.0,0.0,0.0,0
3434.3496,686.87,4121.22,0.2,0.0004,100.0,324.0,96.2198,0.0,0.0,0.0,0
31083.3035,6216.66,37299.97,0.2,0.0065,192.0,16.0,98.9523,1.0,0.0,0.0,0
3409.9801,682.0,4091.97,0.2,0.0101,288.0,68.0,92.6525,1.0,0.0,0.0,0
23699.6595,4739.93,28439.59,0.2,0.0005,44.0,194.0,95.4459,1.0,0.0,0.0,0
13464.7121,2019.71,15484.42,0.15,0.0,64.0,236.0,99.2974,2.0,0.0,0.0,1
25415.2306,5083.05,30498.28,0.2,0.0006,152.0,87.0,95.1031,0.0,0.0,0.0,0
744.5491,148.91,893.47,0.2,0.0109,131.0,388.0,79.7373,0.0,0.0,0.0,0
24997.0063,4999.4,29996.41,0.2,0.0037,339.0,253.0,90.3379,1.0,0.0,0.0,0
42132.5729,2317.29,44449.86,0.055,0.0029,172.0,210.0,93.0035,0.0,0.0,0.0,0
10066.2635,2013.25,12079.51,0.2,0.0035,76.0,334.0,84.4184,1.0,0.0,0.0,0
7797.7671,1559.55,9357.32,0.2,0.0029,204.0,321.0,97.7154,1.0,0.0,0.0,0
7938.7765,1587.76,9526.54,0.2,0.0035,246.0,182.0,76.7949,0.0,0.0,0.0,0
8811.7799,1762.36,10574.14,0.2,0.0001,354.0,224.0,87.482,1.0,0.0,0.0,0
39108.443,7821.69,46930.14,0.2,0.007,335.0,27.0,82.0977,1.0,0.0,0.0,0
4904.4401,980.89,5885.33,0.2,0.0001,1.0,375.0,81.0243,0.0,0.0,0.0,0
43995.8454,8799.17,52795.02,0.2,0.0046,166.0,94.0,78.0144,0.0,0.0,0.0,0
5409.8318,297.54,5707.38,0.055,0.0082,208.0,345.0,77.4966,1.0,0.0,0.0,0
13715.129,2743.03,16458.16,0.2,0.001,39.0,19.0,96.4049,0.0,0.0,0.0,0
41063.7427,8212.75,49276.49,0.2,0.0027,66.0,78.0,86.6871,0.0,0.0,0.0,0
8979.31,1795.86,10775.18,0.2,0.01,31.0,33.0,99.7597,0.0,0.0,0.0,0
2652.8552,530.57,3183.43,0.2,0.0048,326.0,49.0,95.8365,0.0,0.0,0.0,0
36945.2876,7389.06,44334.35,0.2,0.0024,19.0,293.0,79.6118,0.0,0.0,0.0,0
552.8506,110.57,663.42,0.2,0.0006,117.0,307.0,76.0108,0.0,0.0,0.0,0
42522.9557,0.0,42522.96,0.0,0.0043,288.0,221.0,87.644,1.0,0.0,0.0,0
49334.2509,9866.85,59201.11,0.2,0.0091,154.0,56.0,96.2633,1.0,0.0,0.0,0
16597.2705,3319.45,19916.72,0.2,0.0005,140.0,190.0,91.4688,0.0,0.0,0.0,0
37040.5473,7408.11,44448.66,0.2,0.0027,56.0,81.0,86.8117,1.0,0.0,0.0,0
23831.5984,2383.16,26214.76,0.1,0.0016,186.0,225.0,82.6228,0.0,0.0,0.0,0
5593.7444,1118.75,6712.49,0.2,0.0044,343.0,354.0,90.4415,1.0,0.0,0.0,0
28672.057,5734.41,34406.46,0.2,0.007,348.0,139.0,88.0168,1.0,0.0,0.0,0
15913.7299,3182.75,19096.48,0.2,0.0001,361.0,116.0,83.6216,0.0,0.0,0.0,0
35554.3336,7110.87,42665.21,0.2,0.0064,234.0,80.0,88.334,0.0,0.0,0.0,0
40410.094,0.0,40410.09,0.0,0.004,261.0,312.0,78.4205,0.0,0.0,0.0,0
36239.1812,7247.84,43487.03,0.2,0.0088,329.0,119.0,87.9785,1.0,0.0,0.0,0
17200.649,1720.06,18920.72,0.1,0.011,272.0,116.0,89.5671,0.0,0.0,0.0,0
7420.1302,1484.03,8904.15,0.2,0.0102,211.0,39.0,80.0577,1.0,0.0,0.0,0
34192.5636,6838.51,41031.08,0.2,0.0064,96.0,79.0,79.9885,1.0,0.0,0.0,0
270166.7645,54033.35,324200.11,0.2,0.0045,97.0,-114.0,82.3372,4.0,1.0,1.0,1
38104.7572,3810.48,41915.23,0.1,0.0072,356.0,337.0,84.27,0.0,0.0,0.0,0
40253.7349,8050.75,48304.49,0.2,0.0051,80.0,179.0,86.7491,0.0,0.0,0.0,0
8457.5342,1691.51,14347.46,0.2,4198.4158,27.0,148.0,67.1749,3.0,0.0,0.0,1
5757.6983,1151.54,6909.23,0.2,0.0083,18.0,360.0,80.1755,1.0,0.0,0.0,0
22423.2511,2242.33,24665.59,0.1,0.0089,123.0,154.0,84.2058,1.0,0.0,0.0,0
2435.0401,487.01,2922.04,0.2,0.0101,310.0,240.0,93.9019,1.0,0.0,0.0,0
23804.4268,4760.89,28565.31,0.2,0.0068,159.0,170.0,76.7772,1.0,0.0,0.0,0
7719.4579,424.57,8144.04,0.055,0.0121,332.0,379.0,90.7821,1.0,0.0,0.0,0
37591.6494,7518.33,45109.99,0.2,0.0106,29.0,200.0,92.4548,1.0,0.0,0.0,0
42143.6639,885.02,43028.69,0.021,0.0061,7.0,360.0,88.1995,1.0,0.0,0.0,0
10629.4786,2125.9,12755.37,0.2,0.0086,89.0,239.0,94.1877,0.0,0.0,0.0,0
22480.159,4496.03,26976.19,0.2,0.001,260.0,36.0,94.9143,0.0,0.0,0.0,0
33010.5382,6602.11,39612.65,0.2,0.0018,196.0,31.0,82.4878,1.0,0.0,0.0,0
27930.2543,5586.05,33516.31,0.2,0.0057,336.0,386.0,98.6132,1.0,0.0,0.0,0
29183.5365,5836.71,35020.25,0.2,0.0035,96.0,212.0,91.3349,0.0,0.0,0.0,0
49545.4494,9909.09,59454.54,0.2,0.0006,188.0,209.0,95.1862,0.0,0.0,0.0,0
34226.2662,6845.25,41071.51,0.2,0.0062,175.0,106.0,76.2142,1.0,0.0,0.0,0
37969.4274,0.0,37969.43,0.0,0.0026,337.0,210.0,75.3117,0.0,0.0,0.0,0
24930.2058,4986.04,29916.26,0.2,0.0142,27.0,385.0,96.3911,1.0,0.0,0.0,0
9935.2282,1987.05,11922.27,0.2,0.0082,325.0,48.0,80.1746,0.0,0.0,0.0,0
35653.507,7130.7,42784.21,0.2,0.003,80.0,194.0,83.7069,0.0,0.0,0.0,0
27534.6019,5506.92,33041.52,0.2,0.0019,22.0,245.0,95.547,1.0,0.0,0.0,0
19697.0407,3939.41,23636.44,0.2,0.0107,131.0,231.0,86.1518,1.0,0.0,0.0,0
18725.7871,3745.16,22470.95,0.2,0.0029,293.0,333.0,80.9073,0.0,0.0,0.0,0
573.8502,114.77,688.63,0.2,0.0098,49.0,337.0,78.4582,1.0,0.0,0.0,0
39420.2681,7884.05,47304.33,0.2,0.0119,103.0,393.0,76.0587,1.0,0.0,0.0,0
33964.9754,6793.0,40757.98,0.2,0.0046,359.0,297.0,75.1091,0.0,0.0,0.0,0
16085.2747,4825.58,20910.85,0.3,0.0,133.0,200.0,81.5474,2.0,0.0,0.0,1
24946.4465,4989.29,29935.73,0.2,0.0065,334.0,42.0,80.0495,0.0,0.0,0.0,0
12668.7546,2533.75,15202.51,0.2,0.0054,189.0,292.0,75.6121,0.0,0.0,0.0,0
26788.5005,2678.85,29467.35,0.1,0.0005,126.0,123.0,99.1551,1.0,0.0,0.0,0
42787.1645,8557.43,51344.59,0.2,0.0045,13.0,293.0,75.2532,0.0,0.0,0.0,0
25990.3531,5198.07,31188.42,0.2,0.0031,333.0,214.0,81.1987,0.0,0.0,0.0,0
41491.6944,8298.34,49790.03,0.2,0.0044,346.0,243.0,98.4266,1.0,0.0,0.0,0
22533.2215,4506.64,27039.87,0.2,0.0085,25.0,328.0,93.089,0.0,0.0,0.0,0
27899.6789,5579.94,33479.62,0.2,0.0011,223.0,352.0,86.8143,0.0,0.0,0.0,0
47893.1317,4789.31,52682.43,0.1,0.0117,34.0,312.0,78.6987,0.0,0.0,0.0,0
27866.8117,5573.36,33440.18,0.2,0.0083,288.0,374.0,97.4704,1.0,0.0,0.0,0
14561.6578,2912.33,17473.99,0.2,0.0022,316.0,341.0,99.9032,1.0,0.0,0.0,0
47065.599,9413.12,56478.72,0.2,0.001,56.0,86.0,91.039,0.0,0.0,0.0,0
1455.2064,291.04,1746.25,0.2,0.0036,32.0,243.0,98.2132,1.0,0.0,0.0,0
18711.2207,3742.24,22453.47,0.2,0.0093,138.0,178.0,85.956,1.0,0.0,0.0,0
34582.3238,6916.46,41498.78,0.2,0.0038,359.0,107.0,88.4458,0.0,0.0,0.0,0
16479.5379,3295.91,19775.44,0.2,0.0079,168.0,347.0,78.7485,0.0,0.0,0.0,0
28875.9159,5775.18,34651.1,0.2,0.0041,138.0,298.0,83.6463,0.0,0.0,0.0,0
252750.783,25275.08,278025.86,0.1,0.003,75.0,32.0,66.2225,4.0,1.0,0.0,1
17441.4799,3488.3,20929.78,0.2,0.0001,116.0,58.0,83.2579,0.0,0.0,0.0,0
17352.0824,3470.42,24251.1,0.2,3428.5976,99.0,179.0,70.4203,4.0,0.0,0.0,1
41444.0845,4144.41,45588.49,0.1,0.0045,163.0,131.0,84.8779,1.0,0.0,0.0,0
15329.0716,1532.91,16861.97,0.1,0.0116,343.0,212.0,86.5919,0.0,0.0,0.0,0
41569.0561,8313.81,49882.87,0.2,0.0039,54.0,48.0,91.6303,1.0,0.0,0.0,0
8443.4688,1688.69,10132.17,0.2,0.0112,326.0,101.0,97.6404,1.0,0.0,0.0,0
19160.4716,3832.09,22992.56,0.2,0.0016,354.0,193.0,83.0271,0.0,0.0,0.0,0
9539.066,1907.81,11446.88,0.2,0.004,203.0,305.0,85.9213,0.0,0.0,0.0,0
48814.803,9762.96,58577.77,0.2,0.007,93.0,165.0,76.6791,1.0,0.0,0.0,0
42753.5889,8550.72,51304.3,0.2,0.0089,220.0,322.0,83.5065,0.0,0.0,0.0,0
22067.0586,4413.41,26480.47,0.2,0.0014,131.0,140.0,94.4576,0.0,0.0,0.0,0
22995.2123,4599.04,27594.25,0.2,0.0023,336.0,56.0,80.4199,0.0,0.0,0.0,0
38324.9012,7664.98,50927.61,0.2,4937.7288,219.0,62.0,71.9903,3.0,0.0,0.0,1
2731.5064,0.0,2731.51,0.0,0.0036,180.0,359.0,86.889,1.0,0.0,0.0,0
45646.6207,9129.32,54775.94,0.2,0.0007,313.0,353.0,96.9591,1.0,0.0,0.0,0
44872.2633,8974.45,53846.71,0.2,0.0033,33.0,186.0,94.4192,0.0,0.0,0.0,0
48914.5807,9782.92,58697.51,0.2,0.0093,307.0,100.0,87.0152,1.0,0.0,0.0,0
28646.4169,5729.28,34375.7,0.2,0.0031,340.0,144.0,82.2138,0.0,0.0,0.0,0
6274.0544,627.41,6901.47,0.1,0.0056,37.0,329.0,88.1515,0.0,0.0,0.0,0
7174.7592,1434.95,8609.72,0.2,0.0108,333.0,173.0,81.9052,0.0,0.0,0.0,0
23036.32,2303.63,25339.95,0.1,0.0,357.0,350.0,78.6283,1.0,0.0,0.0,0
30579.2205,6115.84,36695.07,0.2,0.0095,312.0,100.0,93.9575,1.0,0.0,0.0,0
2715.8809,543.18,3259.06,0.2,0.0009,99.0,143.0,95.9061,1.0,0.0,0.0,0
1605.3327,321.07,1926.4,0.2,0.0027,80.0,380.0,83.1031,0.0,0.0,0.0,0
26658.3792,2665.84,29324.21,0.1,0.0092,290.0,99.0,75.6796,0.0,0.0,0.0,0
1021.2647,204.25,1225.51,0.2,0.0047,229.0,284.0,94.8831,1.0,0.0,0.0,0
43427.2613,8685.45,52112.72,0.2,0.0087,127.0,63.0,92.1138,0.0,0.0,0.0,0
33462.6087,1840.44,35303.05,0.055,0.0013,361.0,161.0,79.0237,1.0,0.0,0.0,0
18648.8934,3729.78,22378.67,0.2,0.0034,168.0,60.0,86.8926,0.0,0.0,0.0,0
8208.2969,2052.07,10260.37,0.25,0.0,296.0,143.0,89.5919,1.0,0.0,0.0,1
11091.4705,2218.29,13309.77,0.2,0.0095,356.0,349.0,80.909,1.0,0.0,0.0,0
2494.032,498.81,2992.85,0.2,0.008,76.0,387.0,85.215,1.0,0.0,0.0,0
35973.858,7194.77,43168.62,0.2,0.008,336.0,281.0,98.9243,0.0,0.0,0.0,0
35159.7086,7031.94,42191.65,0.2,0.0014,206.0,250.0,94.6858,0.0,0.0,0.0,0
18345.2065,1834.52,20179.72,0.1,0.0065,7.0,274.0,93.9137,0.0,0.0,0.0,0
22656.0524,4531.21,27187.26,0.2,0.0024,232.0,119.0,96.5002,0.0,0.0,0.0,0
23298.6399,4659.73,27958.38,0.2,0.0101,67.0,92.0,95.068,1.0,0.0,0.0,0
16402.068,902.11,17304.18,0.055,0.002,359.0,299.0,89.7686,1.0,0.0,0.0,0
3051.4107,610.28,3661.69,0.2,36.1705,232.0,200.0,46.6471,5.0,0.0,0.0,1
28120.5115,2812.05,30932.56,0.1,0.0015,243.0,366.0,79.7442,1.0,0.0,0.0,0
1037.9318,207.59,1245.53,0.2,0.0082,179.0,205.0,79.5364,0.0,0.0,0.0,0
46352.8964,9270.58,55623.48,0.2,0.0036,199.0,182.0,80.681,0.0,0.0,0.0,0
45804.0939,9160.82,54964.91,0.2,0.0039,289.0,183.0,76.5779,0.0,0.0,0.0,0
1383.074,276.61,1659.69,0.2,0.006,32.0,296.0,88.7068,0.0,0.0,0.0,0
40831.8805,8166.38,48998.26,0.2,0.0005,218.0,125.0,91.5731,0.0,0.0,0.0,0
18821.3076,3764.26,22585.57,0.2,0.0024,322.0,263.0,93.2907,0.0,0.0,0.0,0
46793.218,9358.64,56151.86,0.2,0.002,154.0,252.0,85.3436,1.0,0.0,0.0,0
40338.331,8067.67,48405.99,0.2,0.011,119.0,195.0,96.7364,1.0,0.0,0.0,0
27573.7353,5514.75,33088.49,0.2,0.0047,120.0,96.0,75.6057,0.0,0.0,0.0,0
12217.454,2443.49,14660.94,0.2,0.004,304.0,356.0,90.7538,1.0,0.0,0.0,0
43947.9133,2417.14,46365.06,0.055,0.0067,31.0,293.0,88.94,1.0,0.0,0.0,0
32197.7892,1770.88,33968.66,0.055,0.0092,75.0,355.0,77.4386,1.0,0.0,0.0,0
26470.469,7941.14,34411.61,0.3,0.0,32.0,292.0,83.2916,1.0,0.0,0.0,1
501.6942,100.34,602.03,0.2,0.0042,170.0,41.0,81.8916,1.0,0.0,0.0,0
15959.7151,877.78,16837.49,0.055,0.0051,232.0,102.0,97.7325,0.0,0.0,0.0,0
35901.1314,7180.23,43081.36,0.2,0.0014,284.0,40.0,97.5651,0.0,0.0,0.0,0
20807.2305,2080.72,22887.96,0.1,0.0095,149.0,296.0,88.9472,0.0,0.0,0.0,0
25674.2506,5134.85,30809.11,0.2,0.0094,230.0,191.0,83.5954,0.0,0.0,0.0,0
42503.1986,8500.64,51003.83,0.2,0.0086,227.0,79.0,81.8233,0.0,0.0,0.0,0
46495.6829,2557.26,49052.94,0.055,0.0029,41.0,137.0,86.3113,0.0,0.0,0.0,0
36789.3115,7357.86,44147.17,0.2,0.0015,140.0,333.0,92.7633,0.0,0.0,0.0,0
23848.8665,4769.77,28618.63,0.2,0.0065,264.0,378.0,81.6452,1.0,0.0,0.0,0
31415.4486,6283.09,37698.54,0.2,0.0014,266.0,65.0,75.5092,1.0,0.0,0.0,0
27503.5393,5500.71,33004.25,0.2,0.0007,351.0,44.0,93.0318,1.0,0.0,0.0,0
41304.8957,8260.98,49565.87,0.2,0.0057,115.0,182.0,82.5482,1.0,0.0,0.0,0
26730.4733,5346.09,32076.57,0.2,0.0067,251.0,228.0,86.7101,1.0,0.0,0.0,0
29801.9261,5960.39,40675.2,0.2,4912.8839,68.0,191.0,73.2839,2.0,0.0,0.0,1
32530.6095,6506.12,39036.72,0.2,0.0095,148.0,373.0,84.2368,0.0,0.0,0.0,0
44511.0174,2448.11,46959.13,0.055,0.0026,130.0,189.0,77.0289,1.0,0.0,0.0,0
26194.6097,1440.7,27635.32,0.055,0.0103,128.0,32.0,85.7275,1.0,0.0,0.0,0
40073.4566,8014.69,48088.15,0.2,0.0034,193.0,322.0,92.2783,1.0,0.0,0.0,0
43841.9645,8768.39,52610.35,0.2,0.0045,110.0,180.0,79.7661,1.0,0.0,0.0,0
32090.6755,6418.14,38508.81,0.2,0.0055,129.0,34.0,82.8331,0.0,0.0,0.0,0
4716.948,943.39,5660.35,0.2,0.012,183.0,294.0,99.2784,1.0,0.0,0.0,0
5565.4991,306.1,5871.59,0.055,0.0091,280.0,102.0,88.8713,0.0,0.0,0.0,0
2967.2823,593.46,3560.74,0.2,0.0023,307.0,200.0,82.8473,0.0,0.0,0.0,0
5021.1454,276.16,5297.3,0.055,0.0054,125.0,97.0,99.3604,1.0,0.0,0.0,0
2399.9201,479.98,2879.9,0.2,0.0001,363.0,192.0,89.4215,1.0,0.0,0.0,0
26417.7125,5283.54,31701.26,0.2,0.0075,51.0,128.0,81.5862,1.0,0.0,0.0,0
20639.9854,4128.0,24767.99,0.2,0.0046,45.0,97.0,90.5365,0.0,0.0,0.0,0
16171.6342,3234.33,19405.96,0.2,0.0042,202.0,217.0,79.1516,0.0,0.0,0.0,0
1495.6667,149.57,1645.23,0.1,0.0067,338.0,291.0,75.0974,0.0,0.0,0.0,0
19758.2036,3951.64,23709.85,0.2,0.0064,96.0,82.0,97.3436,0.0,0.0,0.0,0
30393.71,1671.65,32065.36,0.055,0.0,363.0,227.0,82.4075,0.0,0.0,0.0,0
6545.8482,1309.17,7855.02,0.2,0.0018,296.0,42.0,93.2553,0.0,0.0,0.0,0
6520.1168,652.01,7172.13,0.1,0.0032,151.0,219.0,90.5448,0.0,0.0,0.0,0
2708.911,541.78,3250.68,0.2,0.011,58.0,155.0,98.6036,0.0,0.0,0.0,0
31906.1799,6381.24,38287.42,0.2,0.0001,294.0,140.0,83.2669,1.0,0.0,0.0,0
23365.3732,490.67,23856.04,0.021,0.0032,211.0,384.0,97.192,0.0,0.0,0.0,0
27120.4782,5424.1,32544.58,0.2,0.0018,164.0,117.0,91.6226,0.0,0.0,0.0,0
49736.1471,9947.23,59683.38,0.2,0.0029,173.0,271.0,94.6897,1.0,0.0,0.0,0
48099.2838,9619.86,57719.15,0.2,0.0062,276.0,119.0,80.6547,1.0,0.0,0.0,0
35558.8406,7111.77,42670.62,0.2,0.0094,349.0,371.0,86.9033,1.0,0.0,0.0,0
25310.1239,5062.02,30372.14,0.2,0.0039,12.0,311.0,94.1189,1.0,0.0,0.0,0
10913.5347,2182.71,13096.25,0.2,0.0053,294.0,153.0,90.654,0.0,0.0,0.0,0
9238.6208,1847.72,11086.34,0.2,0.0008,15.0,260.0,85.4066,1.0,0.0,0.0,0
18192.6852,1819.27,20011.96,0.1,0.0048,97.0,93.0,97.5023,0.0,0.0,0.0,0
20047.9148,1102.64,21150.56,0.055,0.0052,142.0,79.0,83.4714,0.0,0.0,0.0,0
24278.8797,4855.78,29134.65,0.2,0.0097,236.0,61.0,77.4983,1.0,0.0,0.0,0
47502.5987,9500.52,57003.13,0.2,0.0113,178.0,63.0,83.004,1.0,0.0,0.0,0
20924.8517,4184.97,25109.83,0.2,0.0083,313.0,108.0,92.6318,1.0,0.0,0.0,0
10737.8086,2147.56,12885.37,0.2,0.0014,314.0,376.0,82.2276,1.0,0.0,0.0,0
44165.8057,927.48,45093.28,0.021,0.0057,248.0,121.0,78.2506,0.0,0.0,0.0,0
14907.3133,2981.46,17888.78,0.2,0.0067,230.0,378.0,92.8729,0.0,0.0,0.0,0
241275.7787,48255.16,289530.94,0.2,0.0013,33.0,-146.0,83.2025,3.0,1.0,1.0,1
49641.8363,9928.37,59570.2,0.2,0.0063,260.0,53.0,88.3312,1.0,0.0,0.0,0
13855.2796,2771.06,16626.34,0.2,0.0004,170.0,220.0,98.0806,0.0,0.0,0.0,0
46257.1251,9251.43,55508.56,0.2,0.0049,18.0,322.0,99.4893,1.0,0.0,0.0,0
37186.0898,7437.22,44623.32,0.2,0.0102,257.0,344.0,84.3065,1.0,0.0,0.0,0
34263.2052,6852.64,41115.84,0.2,0.0052,124.0,281.0,89.8574,1.0,0.0,0.0,0
12887.6667,2577.53,15465.2,0.2,0.0033,339.0,198.0,88.0792,1.0,0.0,0.0,0
13017.9013,2603.58,15621.48,0.2,0.0013,205.0,64.0,80.0922,0.0,0.0,0.0,0
47295.5439,9459.11,56754.66,0.2,0.0061,159.0,58.0,79.5702,1.0,0.0,0.0,0
7141.9897,1428.4,8570.39,0.2,0.0003,19.0,155.0,86.0255,0.0,0.0,0.0,0
12542.4102,2508.48,15050.9,0.2,0.0098,306.0,328.0,77.632,1.0,0.0,0.0,0
18671.4336,3734.29,22405.73,0.2,0.0064,350.0,154.0,93.4143,1.0,0.0,0.0,0
28828.6221,0.0,28828.63,0.0,0.0079,268.0,242.0,84.8092,0.0,0.0,0.0,0
21316.0515,4263.21,25579.26,0.2,0.0015,308.0,162.0,90.0966,0.0,0.0,0.0,0
30933.0032,3093.3,34026.3,0.1,0.0032,161.0,368.0,88.245,0.0,0.0,0.0,0
3562.4203,712.48,4274.89,0.2,0.0103,31.0,180.0,94.3656,0.0,0.0,0.0,0
12389.2992,2477.86,14867.16,0.2,0.0008,291.0,81.0,79.1438,0.0,0.0,0.0,0
6367.4154,1273.48,7640.9,0.2,0.0046,305.0,47.0,97.507,1.0,0.0,0.0,0
13135.1642,2627.03,15762.19,0.2,0.0042,187.0,317.0,90.9448,0.0,0.0,0.0,0
5899.3769,589.94,6489.32,0.1,0.0031,364.0,262.0,83.6009,1.0,0.0,0.0,0
22936.0567,4587.21,27523.27,0.2,0.0033,2.0,157.0,88.261,0.0,0.0,0.0,0
13469.8732,2693.97,16163.84,0.2,0.0032,60.0,172.0,80.8142,0.0,0.0,0.0,0
13886.2875,1388.63,15274.91,0.1,0.0075,247.0,43.0,83.5482,0.0,0.0,0.0,0
32465.416,6493.08,38958.5,0.2,0.004,101.0,53.0,88.408,1.0,0.0,0.0,0
47952.2362,4795.22,52747.46,0.1,0.0038,162.0,315.0,94.8779,1.0,0.0,0.0,0
47491.8423,4749.18,52241.03,0.1,0.0077,265.0,212.0,95.808,1.0,0.0,0.0,0
14045.7226,3511.43,17557.15,0.25,0.0,51.0,195.0,71.5627,1.0,0.0,0.0,1
12633.5849,2526.72,15160.31,0.2,0.0051,90.0,384.0,87.5795,0.0,0.0,0.0,0
11537.5251,2307.51,13845.04,0.2,0.0049,309.0,221.0,90.4729,0.0,0.0,0.0,0
6877.9116,1375.58,8253.49,0.2,0.0016,224.0,176.0,90.2747,0.0,0.0,0.0,0
9920.2394,1984.05,11904.3,0.2,0.0106,61.0,308.0,95.853,0.0,0.0,0.0,0
11242.5518,2248.51,13491.07,0.2,0.0082,138.0,241.0,89.7841,0.0,0.0,0.0,0
19588.8335,3917.77,23506.61,0.2,0.0065,127.0,307.0,80.2548,0.0,0.0,0.0,0
41646.5381,4164.65,45811.19,0.1,0.0019,327.0,122.0,92.0624,1.0,0.0,0.0,0
2952.4664,590.49,3542.95,0.2,0.0064,339.0,248.0,80.1348,1.0,0.0,0.0,0
45977.2605,9195.45,55172.72,0.2,0.0095,217.0,304.0,84.282,0.0,0.0,0.0,0
24028.9732,4805.79,28834.77,0.2,0.0068,174.0,391.0,86.1092,1.0,0.0,0.0,0
12818.491,2563.7,15382.18,0.2,0.011,345.0,213.0,79.2823,1.0,0.0,0.0,0
4401.2119,880.24,7943.76,0.2,2662.3081,239.0,138.0,69.8172,2.0,0.0,0.0,1
40662.8869,8132.58,48795.46,0.2,0.0069,320.0,351.0,77.5203,1.0,0.0,0.0,0
25515.5393,5103.11,30618.65,0.2,0.0007,350.0,211.0,82.0826,0.0,0.0,0.0,0
12226.1552,1222.62,13448.77,0.1,0.0052,288.0,137.0,77.8025,1.0,0.0,0.0,0
15615.2667,3123.05,18738.32,0.2,0.0033,18.0,194.0,91.3778,0.0,0.0,0.0,0
37974.2726,7594.85,45569.12,0.2,0.0026,312.0,130.0,89.6024,1.0,0.0,0.0,0
37817.5028,7563.5,45381.0,0.2,0.0028,335.0,37.0,94.1344,1.0,0.0,0.0,0
25464.7342,5092.95,30557.68,0.2,0.0042,196.0,266.0,89.2411,1.0,0.0,0.0,0
23979.7925,2397.98,26377.78,0.1,0.0075,226.0,210.0,99.0803,1.0,0.0,0.0,0
42372.322,8474.46,50846.79,0.2,0.008,326.0,182.0,93.8375,1.0,0.0,0.0,0
32562.3608,6512.47,39074.83,0.2,0.0008,287.0,26.0,87.3498,0.0,0.0,0.0,0
35348.6908,7069.74,42418.44,0.2,0.0092,141.0,27.0,98.3969,1.0,0.0,0.0,0
46064.3295,9212.87,55277.2,0.2,0.0005,210.0,69.0,77.8873,1.0,0.0,0.0,0
37414.036,3741.4,41155.43,0.1,0.006,228.0,229.0,98.9012,0.0,0.0,0.0,0
10935.4214,2187.08,13122.5,0.2,0.0014,292.0,182.0,81.1119,0.0,0.0,0.0,0
22945.9308,2294.59,25240.51,0.1,0.0108,243.0,49.0,90.355,0.0,0.0,0.0,0
27011.9958,5402.4,32414.4,0.2,0.0042,291.0,69.0,79.0395,0.0,0.0,0.0,0
45466.8557,9093.37,54560.22,0.2,0.0057,14.0,276.0,93.5037,0.0,0.0,0.0,0
22550.5579,4510.11,27060.67,0.2,0.0021,22.0,103.0,86.2338,0.0,0.0,0.0,0
21081.1892,4216.24,25297.43,0.2,0.0008,254.0,169.0,86.0013,0.0,0.0,0.0,0
28048.5166,5609.7,33658.21,0.2,0.0066,126.0,180.0,80.3646,0.0,0.0,0.0,0
44645.72,8929.14,53574.85,0.2,0.01,203.0,260.0,99.2999,0.0,0.0,0.0,0
8044.3783,1608.88,9653.25,0.2,0.0083,99.0,344.0,91.5029,0.0,0.0,0.0,0
38283.2661,7656.65,45939.92,0.2,0.0039,337.0,92.0,86.5245,1.0,0.0,0.0,0
13336.5449,2667.31,16003.86,0.2,0.0051,223.0,224.0,89.1287,0.0,0.0,0.0,0
14173.3133,2834.66,17007.97,0.2,0.0033,4.0,220.0,93.9982,1.0,0.0,0.0,0
35060.5057,7012.1,42072.6,0.2,0.0057,46.0,250.0,78.2439,0.0,0.0,0.0,0
11895.0401,2379.01,14274.05,0.2,0.0001,184.0,24.0,84.5836,1.0,0.0,0.0,0
46246.0351,9249.21,55495.24,0.2,0.0051,13.0,166.0,78.3374,1.0,0.0,0.0,0
40087.9999,2204.84,42292.85,0.055,0.0101,308.0,282.0,95.9495,0.0,0.0,0.0,0
1867.4817,373.5,2240.98,0.2,0.0017,193.0,176.0,75.781,0.0,0.0,0.0,0
47619.5961,9523.92,57143.52,0.2,0.0039,228.0,299.0,81.0695,1.0,0.0,0.0,0
46989.3331,9397.87,56387.2,0.2,0.0031,276.0,87.0,86.4474,1.0,0.0,0.0,0
7366.6531,736.67,8103.31,0.1,0.0131,325.0,137.0,88.346,0.0,0.0,0.0,0
3378.0994,337.81,3715.91,0.1,0.0006,202.0,74.0,83.8631,1.0,0.0,0.0,0
18760.5766,3752.12,22512.69,0.2,0.0066,13.0,373.0,92.8315,1.0,0.0,0.0,0
27839.5102,5567.9,33407.4,0.2,0.0102,141.0,231.0,94.0377,1.0,0.0,0.0,0
11790.0609,1179.01,12969.06,0.1,0.0109,35.0,18.0,88.7154,0.0,0.0,0.0,0
5607.6101,1121.52,6729.14,0.2,0.0099,157.0,387.0,76.2181,0.0,0.0,0.0,0
42710.9828,8542.2,51253.19,0.2,0.0072,287.0,363.0,90.4635,1.0,0.0,0.0,0
35442.5093,3544.25,38986.76,0.1,0.0007,73.0,340.0,85.1626,0.0,0.0,0.0,0
31170.5091,3117.05,34287.55,0.1,0.0091,85.0,381.0,91.9322,1.0,0.0,0.0,0
11135.0637,2227.01,13362.08,0.2,0.0063,63.0,213.0,80.3811,1.0,0.0,0.0,0
42543.6601,8508.73,51052.39,0.2,0.0001,214.0,340.0,77.6245,1.0,0.0,0.0,0
23909.3695,1315.02,25224.38,0.055,0.0095,171.0,142.0,89.6443,0.0,0.0,0.0,0
36446.5963,765.38,37211.97,0.021,0.0063,108.0,189.0,85.6194,0.0,0.0,0.0,0
23964.5915,4792.92,28757.51,0.2,0.0015,5.0,186.0,88.8041,1.0,0.0,0.0,0
13321.0763,2664.22,15985.29,0.2,0.0063,246.0,128.0,86.6627,1.0,0.0,0.0,0
3603.7249,720.74,4324.46,0.2,0.0049,66.0,202.0,92.2889,1.0,0.0,0.0,0
24921.5906,4984.32,29905.9,0.2,0.0106,207.0,316.0,83.2679,1.0,0.0,0.0,0
37001.4034,7400.28,44401.68,0.2,0.0034,261.0,231.0,84.9395,1.0,0.0,0.0,0
21689.6464,4337.93,26027.58,0.2,0.0036,149.0,322.0,84.7873,1.0,0.0,0.0,0
46494.0288,9298.81,55792.84,0.2,0.0012,139.0,291.0,76.4712,0.0,0.0,0.0,0
11273.9228,2254.78,13528.71,0.2,0.0072,31.0,310.0,95.7437,0.0,0.0,0.0,0
2891.9047,60.73,2952.64,0.021,0.0053,247.0,372.0,86.6303,1.0,0.0,0.0,0
11253.2221,2250.64,13503.87,0.2,0.0079,110.0,314.0,94.0238,1.0,0.0,0.0,0
47312.0178,9462.4,56774.42,0.2,0.0022,196.0,282.0,91.2308,0.0,0.0,0.0,0
25813.1028,5162.62,30975.72,0.2,0.0028,227.0,39.0,79.6111,1.0,0.0,0.0,0
33556.7369,6711.35,40268.09,0.2,0.0031,82.0,255.0,82.8092,1.0,0.0,0.0,0
33041.4703,693.87,33735.35,0.021,0.0097,197.0,242.0,86.8833,0.0,0.0,0.0,0
47977.0878,4797.71,52774.8,0.1,0.0022,21.0,273.0,83.2869,1.0,0.0,0.0,0
10155.4285,2031.09,12186.52,0.2,0.0015,51.0,314.0,92.6291,1.0,0.0,0.0,0
9821.7745,1964.35,11786.13,0.2,0.0055,11.0,239.0,83.9668,1.0,0.0,0.0,0
15724.406,1572.44,17296.85,0.1,0.0,273.0,-489.0,74.3601,1.0,0.0,1.0,1
42360.5912,8472.12,50832.71,0.2,0.0012,310.0,147.0,91.9871,1.0,0.0,0.0,0
20575.1709,4115.03,24690.21,0.2,0.0091,184.0,192.0,79.9186,0.0,0.0,0.0,0
8515.2514,1703.05,10218.29,0.2,0.0114,297.0,310.0,86.5469,1.0,0.0,0.0,0
17531.9649,1753.2,19285.16,0.1,0.0049,311.0,286.0,84.9235,1.0,0.0,0.0,0
45819.7049,4581.97,50401.68,0.1,0.0051,47.0,191.0,76.1868,0.0,0.0,0.0,0
7871.1229,1574.22,9445.34,0.2,15.3566,44.0,101.0,33.284,5.0,0.0,0.0,1
32682.4288,3268.24,35950.66,0.1,0.0088,12.0,20.0,96.52,0.0,0.0,0.0,0
2129.8163,425.96,2555.77,0.2,0.0063,24.0,239.0,77.3505,1.0,0.0,0.0,0
27788.2601,5557.65,33345.91,0.2,0.0001,40.0,79.0,91.3968,1.0,0.0,0.0,0
32022.8797,6404.58,38427.47,0.2,0.0103,159.0,119.0,76.5516,0.0,0.0,0.0,0
9555.4641,955.55,10511.01,0.1,0.0041,89.0,242.0,99.5955,1.0,0.0,0.0,0
46548.0875,9309.62,55857.7,0.2,0.0075,115.0,71.0,80.1455,0.0,0.0,0.0,0
23572.4813,4714.5,28286.97,0.2,0.0113,89.0,363.0,76.1162,1.0,0.0,0.0,0
19794.1623,1979.42,21773.57,0.1,0.0123,258.0,126.0,88.8761,0.0,0.0,0.0,0
48233.0405,9646.61,57879.65,0.2,0.0005,359.0,178.0,81.3259,1.0,0.0,0.0,0
48540.7616,4854.08,53394.85,0.1,0.0084,277.0,85.0,86.668,0.0,0.0,0.0,0
2803.6441,560.73,3364.37,0.2,0.0041,229.0,110.0,94.3808,1.0,0.0,0.0,0
38145.0193,7629.0,45774.02,0.2,0.0007,111.0,356.0,83.058,0.0,0.0,0.0,0
247387.9129,49477.58,296865.49,0.2,0.0029,4.0,23.0,92.0935,5.0,1.0,0.0,1
12285.1673,2457.03,14742.19,0.2,0.0073,121.0,214.0,97.0782,1.0,0.0,0.0,0
32034.6669,3203.47,35238.13,0.1,0.0069,143.0,367.0,96.2749,0.0,0.0,0.0,0
8336.9067,1667.38,10004.28,0.2,0.0067,251.0,318.0,76.0024,1.0,0.0,0.0,0
29306.6605,5861.33,35167.99,0.2,0.0005,289.0,96.0,92.0108,0.0,0.0,0.0,0
33170.0703,6634.01,39804.09,0.2,0.0097,123.0,154.0,92.0171,1.0,0.0,0.0,0
42516.5635,0.0,42516.56,0.0,0.0035,275.0,292.0,81.2608,0.0,0.0,0.0,0
23856.1177,4771.22,28627.33,0.2,0.0077,65.0,26.0,80.5898,1.0,0.0,0.0,0
19876.0715,1987.61,21863.69,0.1,0.0085,212.0,321.0,93.4131,0.0,0.0,0.0,0
31210.8955,3121.09,34331.99,0.1,0.0045,301.0,92.0,98.0946,1.0,0.0,0.0,0
36544.7993,3654.48,40199.27,0.1,0.0093,151.0,192.0,80.0141,0.0,0.0,0.0,0
4946.9529,742.04,5688.99,0.15,0.0,52.0,101.0,81.9385,1.0,0.0,0.0,1
32703.7994,0.0,32703.81,0.0,0.0106,250.0,22.0,77.38,1.0,0.0,0.0,0
27739.0546,1525.65,29264.71,0.055,0.0054,266.0,248.0,84.409,0.0,0.0,0.0,0
29146.1017,5829.22,34975.32,0.2,0.0017,79.0,38.0,80.5033,0.0,0.0,0.0,0
14566.9316,2913.39,17480.33,0.2,0.0084,182.0,65.0,89.3041,1.0,0.0,0.0,0
6405.7137,1281.14,11414.75,0.2,3727.8963,252.0,60.0,85.3473,3.0,0.0,0.0,1
4767.8392,953.57,5721.41,0.2,0.0008,45.0,295.0,75.4942,1.0,0.0,0.0,0
33371.7578,6674.35,40046.12,0.2,0.0122,93.0,321.0,89.1939,1.0,0.0,0.0,0
10263.9875,2052.8,12316.79,0.2,0.0025,101.0,32.0,81.486,0.0,0.0,0.0,0
5962.0675,1192.41,7154.49,0.2,0.0125,282.0,121.0,78.8491,0.0,0.0,0.0,0
38638.0973,7727.62,46365.72,0.2,0.0027,283.0,338.0,75.1076,0.0,0.0,0.0,0
49590.3689,9918.07,59508.43,0.2,0.0089,185.0,225.0,89.616,1.0,0.0,0.0,0
23093.5313,4618.71,27712.25,0.2,0.0087,127.0,61.0,79.9646,0.0,0.0,0.0,0
13290.9923,2658.2,15949.2,0.2,0.0077,3.0,396.0,88.1693,0.0,0.0,0.0,0
32767.8627,6553.57,39321.43,0.2,0.0027,41.0,45.0,91.6554,0.0,0.0,0.0,0
7592.2617,1518.45,9110.71,0.2,0.0017,343.0,366.0,77.9804,0.0,0.0,0.0,0
33962.9983,6792.6,40755.59,0.2,0.0083,122.0,320.0,99.0157,0.0,0.0,0.0,0
41372.7655,8274.55,49647.31,0.2,0.0055,34.0,279.0,96.7059,1.0,0.0,0.0,0
14758.3829,5903.35,20661.73,0.4,0.0,175.0,269.0,78.3041,1.0,0.0,0.0,1
10771.4015,1077.14,11848.54,0.1,0.0015,284.0,77.0,97.2566,0.0,0.0,0.0,0
7243.2781,1448.66,8691.93,0.2,0.0081,315.0,83.0,99.7415,0.0,0.0,0.0,0
13747.8504,2749.57,16497.41,0.2,0.0104,121.0,32.0,92.6674,1.0,0.0,0.0,0
8432.5039,1686.5,10119.0,0.2,0.0039,38.0,342.0,89.6057,1.0,0.0,0.0,0
5498.1564,115.46,5613.62,0.021,0.0036,282.0,172.0,89.7255,0.0,0.0,0.0,0
16890.6285,6756.25,23646.88,0.4,0.0,4.0,209.0,89.3039,2.0,0.0,0.0,1
37357.4511,7471.49,44828.94,0.2,0.0011,107.0,239.0,75.0619,1.0,0.0,0.0,0
13717.683,1371.77,15089.46,0.1,0.007,332.0,54.0,82.3344,0.0,0.0,0.0,0
37894.591,2084.2,39978.8,0.055,0.009,163.0,233.0,89.4788,1.0,0.0,0.0,0
47562.0337,4756.2,52318.24,0.1,0.0063,176.0,167.0,99.9126,0.0,0.0,0.0,0
2518.7454,251.87,2770.62,0.1,0.0046,344.0,311.0,83.6968,1.0,0.0,0.0,0
11785.5089,2357.1,14142.61,0.2,0.0011,340.0,348.0,90.0777,0.0,0.0,0.0,0
14942.4366,2988.49,17930.92,0.2,0.0066,268.0,53.0,94.3088,1.0,0.0,0.0,0
9421.9314,1884.39,11306.31,0.2,0.0114,155.0,264.0,98.8837,1.0,0.0,0.0,0
30093.6094,6018.72,36112.33,0.2,0.0006,14.0,102.0,85.5896,1.0,0.0,0.0,0
10970.2116,1097.02,12067.23,0.1,0.0016,178.0,173.0,79.7026,1.0,0.0,0.0,0
8460.1283,846.01,9306.13,0.1,0.0083,344.0,163.0,96.7683,1.0,0.0,0.0,0
9597.8681,959.79,10557.66,0.1,0.0019,46.0,31.0,93.9835,0.0,0.0,0.0,0
15243.1641,3048.63,18291.79,0.2,0.0041,55.0,10.0,77.8018,0.0,0.0,0.0,0
6642.2676,1328.45,7970.71,0.2,0.0076,243.0,119.0,91.8684,0.0,0.0,0.0,0
11419.8075,2283.96,13703.77,0.2,0.0025,39.0,41.0,97.0519,0.0,0.0,0.0,0
11055.396,2763.85,13819.25,0.25,0.0,232.0,106.0,89.9756,2.0,0.0,0.0,1
5673.2828,1134.66,6807.94,0.2,46.4713,248.0,3.0,53.3978,4.0,0.0,0.0,1
34289.4435,6857.89,41147.32,0.2,0.0135,356.0,301.0,78.8203,0.0,0.0,0.0,0
16975.4559,3395.09,20370.55,0.2,0.0041,341.0,333.0,75.6113,0.0,0.0,0.0,0
39116.9988,7823.4,46940.39,0.2,0.0088,213.0,324.0,87.6798,1.0,0.0,0.0,0
10279.7829,2055.96,12335.74,0.2,0.0029,305.0,232.0,76.2269,0.0,0.0,0.0,0
895.8414,179.17,1075.01,0.2,0.0014,195.0,122.0,79.5078,0.0,0.0,0.0,0
10248.7491,2049.75,12298.5,0.2,0.0009,14.0,220.0,90.7503,1.0,0.0,0.0,0
24232.1109,2423.21,26655.33,0.1,0.0091,135.0,206.0,97.7388,0.0,0.0,0.0,0
9140.839,914.08,10054.92,0.1,32.8878,81.0,150.0,56.1743,5.0,0.0,0.0,1
6371.5095,1274.3,7645.81,0.2,0.0005,80.0,318.0,93.8268,0.0,0.0,0.0,0
34036.6515,6807.33,40843.98,0.2,0.0015,123.0,92.0,78.2147,1.0,0.0,0.0,0
7285.6923,1457.14,8742.82,0.2,0.0123,256.0,40.0,96.8659,1.0,0.0,0.0,0
45718.1992,4571.82,50290.03,0.1,0.0108,332.0,49.0,89.8045,0.0,0.0,0.0,0
27374.0823,10949.63,38323.71,0.4,0.0,95.0,127.0,83.4619,1.0,0.0,0.0,1
23092.3002,5773.08,28865.38,0.25,0.0,78.0,225.0,77.4027,1.0,0.0,0.0,1
28290.7766,5658.16,33948.94,0.2,0.0034,50.0,130.0,85.6953,0.0,0.0,0.0,0
9092.2664,3636.91,12729.18,0.4,0.0,151.0,237.0,88.0255,1.0,0.0,0.0,1
970.8411,194.17,1165.01,0.2,10.8666,40.0,-75.0,20.149,4.0,0.0,1.0,1
21124.1102,2112.41,23236.53,0.1,0.0098,24.0,186.0,98.1737,0.0,0.0,0.0,0
13183.0483,2636.61,15819.65,0.2,0.0083,291.0,338.0,83.255,1.0,0.0,0.0,0
10717.4473,2143.49,12860.94,0.2,0.0027,293.0,209.0,77.2534,0.0,0.0,0.0,0
6644.2598,1661.06,8305.32,0.25,0.0,230.0,245.0,97.4201,1.0,0.0,0.0,1
32258.2752,677.42,32935.69,0.021,0.0052,200.0,280.0,75.626,0.0,0.0,0.0,0
21454.422,1179.99,22634.4,0.055,0.012,344.0,279.0,93.0342,0.0,0.0,0.0,0
28360.2026,5672.04,34032.24,0.2,0.0026,143.0,132.0,84.9138,1.0,0.0,0.0,0
2696.6825,539.34,3236.02,0.2,27.701,96.0,-71.0,49.0385,5.0,0.0,1.0,1
13787.2316,2757.45,16544.68,0.2,0.0016,98.0,322.0,86.3545,0.0,0.0,0.0,0
32667.7248,6533.54,39201.26,0.2,0.0048,236.0,363.0,87.7719,0.0,0.0,0.0,0
9181.6153,1836.32,11017.93,0.2,0.0053,123.0,378.0,81.0244,1.0,0.0,0.0,0
42354.6311,8470.93,50825.56,0.2,0.0011,96.0,33.0,81.1315,0.0,0.0,0.0,0
35887.8133,3588.78,39476.59,0.1,0.0033,104.0,346.0,82.2763,1.0,0.0,0.0,0
35750.2621,0.0,35750.26,0.0,0.0021,265.0,14.0,78.1406,0.0,0.0,0.0,0
1644.6346,328.93,1973.56,0.2,0.0,560.0,-52.0,77.353,2.0,0.0,1.0,1
8640.3748,1728.07,10368.44,0.2,38.1201,179.0,295.0,59.6559,5.0,0.0,0.0,1
661.1371,132.23,793.36,0.2,0.0071,335.0,69.0,90.5037,0.0,0.0,0.0,0
33284.3744,6656.87,39941.25,0.2,0.0056,214.0,158.0,79.0097,1.0,0.0,0.0,0
14744.5546,2948.91,17693.47,0.2,0.0054,84.0,292.0,77.1029,0.0,0.0,0.0,0
27238.4969,5447.7,32686.19,0.2,0.0069,93.0,71.0,79.583,1.0,0.0,0.0,0
12044.2022,1204.42,13248.63,0.1,0.0078,163.0,189.0,90.898,1.0,0.0,0.0,0
15110.6924,3022.14,18132.82,0.2,0.0124,14.0,177.0,97.0836,0.0,0.0,0.0,0
6051.7182,1210.34,7262.06,0.2,0.0018,305.0,375.0,88.3725,0.0,0.0,0.0,0
